sample_id,num_signals,unique_states,has_4,has_10,has_11,has_20
0000,12,4,1,1,1,0
0001,12,4,1,1,1,0
0002,12,4,1,1,1,0
0004,12,4,1,1,1,0
0005,12,4,1,1,1,0
0006,12,3,0,1,1,0
0007,12,4,0,1,1,1
0008,12,4,1,1,1,0
0009,12,3,0,1,1,0
0010,12,4,1,1,1,0
0011,12,4,1,1,1,0
0013,12,4,1,1,1,0
0014,12,4,1,1,1,0
0015,12,4,1,1,1,0
0016,12,4,1,1,1,0
0017,12,4,1,1,1,0
0019,12,4,1,1,1,0
0020,12,4,1,1,1,0
0021,12,4,0,1,1,1
0022,12,4,1,1,1,0
0023,12,4,1,1,1,0
0024,12,4,1,1,1,0
0026,12,4,1,1,1,0
0027,12,4,1,1,1,0
0028,12,4,1,1,1,0
0029,12,4,1,1,1,0
0030,12,4,1,1,1,0
0031,12,4,1,1,1,0
0032,12,4,1,1,1,0
0033,12,4,1,1,1,0
0034,12,4,1,1,1,0
0035,12,4,1,1,1,0
0036,12,3,0,1,1,0
0037,12,4,1,1,1,0
0039,12,4,1,1,1,0
0040,12,4,1,1,1,0
0041,12,4,1,1,1,0
0042,12,4,1,1,1,0
0043,12,4,1,1,1,0
0044,12,4,1,1,1,0
0045,12,4,1,1,1,0
0046,12,4,0,1,1,1
0047,12,4,1,1,1,0
0048,12,3,0,1,1,0
0049,12,5,1,1,1,0
0050,12,4,1,1,1,0
0051,12,4,1,1,1,0
0052,12,4,1,1,1,0
0053,12,4,1,1,1,0
0054,12,4,1,1,1,0
0055,12,4,1,1,1,0
0057,12,4,1,1,1,0
0058,12,4,0,1,1,1
0059,12,5,1,1,1,0
0060,12,4,1,1,1,0
0061,12,4,1,1,1,0
0062,12,4,1,1,1,0
0064,12,4,1,1,1,0
0065,12,4,1,1,1,0
0066,12,4,1,1,1,0
0067,12,4,1,1,1,0
0068,12,4,1,1,1,0
0069,12,4,1,1,1,0
0070,12,4,1,1,1,0
0071,12,4,1,1,1,0
0072,12,4,1,1,1,0
0073,12,4,0,1,1,0
0074,12,4,1,1,1,0
0075,12,4,1,1,1,0
0076,12,4,0,1,1,1
0077,12,4,1,1,1,0
0079,12,4,1,1,1,0
0080,12,4,1,1,1,0
0082,12,3,0,1,1,0
0083,12,4,1,1,1,0
0085,12,4,0,1,1,1
0086,12,3,0,1,1,0
0087,12,3,0,1,1,0
0089,12,4,0,1,1,1
0090,12,4,0,1,1,1
0091,12,4,1,1,1,0
0092,12,4,1,1,1,0
0093,12,5,1,1,1,0
0094,12,5,1,1,1,1
0096,12,5,1,1,1,0
0099,12,4,1,1,1,0
0100,12,4,0,1,1,1
0101,12,4,0,1,1,1
0102,12,4,1,1,1,0
0104,12,4,1,1,1,0
0105,12,4,1,1,1,0
0106,12,4,1,1,1,0
0107,12,4,1,1,1,0
0109,12,4,0,1,1,1
0110,12,4,1,1,1,0
0111,12,4,1,1,1,0
0112,12,4,1,1,1,0
0113,12,4,1,1,1,0
0114,12,4,1,1,1,0
0115,12,4,1,1,1,0
0116,12,4,1,1,1,0
0118,12,4,1,1,1,0
0119,12,4,1,1,1,0
0120,12,4,1,1,1,0
0121,12,4,1,1,1,0
0122,12,4,1,1,1,0
0123,12,4,1,1,1,0
0124,12,4,1,1,1,0
0125,12,4,1,1,1,0
0126,12,4,1,1,1,0
0127,12,4,1,1,1,0
0128,12,4,1,1,1,0
0129,12,4,1,1,1,0
0130,12,4,1,1,1,0
0131,12,4,1,1,1,0
0132,12,4,1,1,1,0
0133,12,4,1,1,1,0
0134,12,4,1,1,1,0
0135,12,4,1,1,1,0
0136,12,5,1,1,1,1
0137,12,4,1,1,1,0
0138,12,4,1,1,1,0
0139,12,4,1,1,1,0
0140,12,4,1,1,1,0
0141,12,4,1,1,1,0
0142,12,4,1,1,1,0
0143,12,4,1,1,1,0
0144,12,4,1,1,1,0
0145,12,4,0,1,1,1
0146,12,4,1,1,1,0
0147,12,4,1,1,1,0
0148,12,4,1,1,1,0
0149,12,4,1,1,1,0
0150,12,4,1,1,1,0
0151,12,4,1,1,1,0
0152,12,4,1,1,1,0
0153,12,4,1,1,1,0
0154,12,5,1,1,1,0
0155,12,4,1,1,1,0
0156,12,4,1,1,1,0
3499,12,5,1,1,1,1
3500,12,4,1,1,1,0
3501,12,4,1,1,1,0
3502,12,4,1,1,1,0
3503,12,4,1,1,1,0
3504,12,4,1,1,1,0
3505,12,4,1,1,1,0
3506,12,4,1,1,1,0
3507,12,4,0,1,1,1
3508,12,4,1,1,1,0
3509,12,4,1,1,1,0
3510,12,4,1,1,1,0
3511,12,4,1,1,1,0
3512,12,4,1,1,1,0
3513,12,4,1,1,1,0
3514,12,4,1,1,1,0
3515,12,4,1,1,1,0
3516,12,4,1,1,1,0
3517,12,5,1,1,1,0
0158,12,4,1,1,1,0
0160,12,5,1,1,1,0
0161,12,5,1,1,1,1
0162,12,4,1,1,1,0
0163,12,4,1,1,1,0
0164,12,4,1,1,1,0
0165,12,4,1,1,1,0
0166,12,4,1,1,1,0
0167,12,4,1,1,1,0
0168,12,4,1,1,1,0
0169,12,4,1,1,1,0
0170,12,4,1,1,1,0
0173,12,5,1,1,1,0
0174,12,4,1,1,1,0
0175,12,4,1,1,1,0
0176,12,4,1,1,1,0
0177,12,4,1,1,1,0
0178,12,4,1,1,1,0
0179,12,4,1,1,1,0
0180,12,4,1,1,1,0
0185,12,5,1,1,1,1
0186,12,4,1,1,1,0
0187,12,4,1,1,1,0
0188,12,4,1,1,1,0
0189,12,4,1,1,1,0
0190,12,5,1,1,1,1
0191,12,4,1,1,1,0
0192,12,4,1,1,1,0
0193,12,4,1,1,1,0
0194,12,4,1,1,1,0
0195,12,4,1,1,1,0
0197,12,4,1,1,1,0
0198,12,4,1,1,1,0
0199,12,4,1,1,1,0
0200,12,4,1,1,1,0
0201,12,4,1,1,1,0
0202,12,3,0,1,1,0
0203,12,4,1,1,1,0
0204,12,4,1,1,1,0
0205,12,4,1,1,1,0
0206,12,4,1,1,1,0
0207,12,4,1,1,1,0
0209,12,3,0,1,1,0
0210,12,4,1,1,1,0
0211,12,4,1,1,1,0
0212,12,4,1,1,1,0
0213,12,4,1,1,1,0
0214,12,5,1,1,1,0
0215,12,4,1,1,1,0
0216,12,4,1,1,1,0
0217,12,4,1,1,1,0
0218,12,4,1,1,1,0
0219,12,5,1,1,1,1
0220,12,4,1,1,1,0
0221,12,4,1,1,1,0
0222,12,4,1,1,1,0
0223,12,5,1,1,1,0
0224,12,4,1,1,1,0
0225,12,4,1,1,1,0
0226,12,4,1,1,1,0
0227,12,4,1,1,1,0
0228,12,4,1,1,1,0
0229,12,4,1,1,1,0
0231,12,4,1,1,1,0
0232,12,4,1,1,1,0
0233,12,4,1,1,1,0
0234,12,5,1,1,1,0
0235,12,4,1,1,1,0
0236,12,4,0,1,1,1
0237,12,5,1,1,1,0
0238,12,5,1,1,1,1
0239,12,3,1,1,1,0
0240,12,2,0,1,1,0
0241,12,4,1,1,1,0
0242,12,4,1,1,1,0
0246,12,3,0,1,1,0
0247,12,5,1,1,1,0
0248,12,3,0,1,1,0
0249,12,4,1,1,1,0
0251,12,4,1,1,1,0
0252,12,4,1,1,1,0
0253,12,4,1,1,1,0
0254,12,4,1,1,1,0
0257,12,5,1,1,1,1
0258,12,3,1,1,1,0
0260,12,3,0,1,1,1
0261,12,4,1,1,1,0
0263,12,4,1,1,1,0
0264,12,4,1,1,1,0
0265,12,4,1,1,1,0
0266,12,4,1,1,1,0
0268,12,4,1,1,1,0
0269,12,4,0,1,1,1
0270,12,4,1,1,1,0
0271,12,4,1,1,1,0
0272,12,4,0,1,1,1
0273,12,4,1,1,1,0
0274,12,4,1,1,1,0
0275,12,4,1,1,1,0
0277,12,5,1,1,1,1
0278,12,4,1,1,1,0
0279,12,4,1,1,1,0
0280,12,4,1,1,1,0
0282,12,4,1,1,1,0
0286,12,5,1,1,1,1
0287,12,4,1,1,1,0
0288,12,5,1,1,1,1
0290,12,4,1,1,1,0
0291,12,4,1,1,1,0
0292,12,4,1,1,1,0
0293,12,4,1,1,1,0
0295,12,4,0,1,1,1
0296,12,3,0,1,1,0
0297,12,4,0,1,1,0
0298,12,4,1,1,1,0
0300,12,4,1,1,1,0
0301,12,4,1,1,1,0
0303,12,4,1,1,1,0
0306,12,4,1,1,1,0
0308,12,4,1,1,1,0
0309,12,4,1,1,1,0
0312,12,3,0,1,1,0
0313,12,4,0,1,1,1
0314,12,4,1,1,1,0
0315,12,5,1,1,1,1
0316,12,4,1,1,1,0
0317,12,4,1,1,1,0
0319,12,3,0,1,1,0
0320,12,4,1,1,1,0
0323,12,4,1,1,1,0
0324,12,4,1,1,1,0
0325,12,4,1,1,1,0
0327,12,4,1,1,1,0
0328,12,4,0,1,1,1
0329,12,4,1,1,1,0
0330,12,4,1,1,1,0
0331,12,4,1,1,1,0
0332,12,4,1,1,1,0
0333,12,4,1,1,1,0
0334,12,4,1,1,1,0
0335,12,4,1,1,1,0
0337,12,4,1,1,1,0
0338,12,4,1,1,1,0
0341,12,4,1,1,1,0
0342,12,4,1,1,1,0
0343,12,4,1,1,1,0
0344,12,4,1,1,1,0
0346,12,4,1,1,1,0
0347,12,4,1,1,1,0
0348,12,4,1,1,1,0
0349,12,4,1,1,1,0
0350,12,4,1,1,1,0
0351,12,4,1,1,1,0
0352,12,4,1,1,1,0
0353,12,4,1,1,1,0
0354,12,4,1,1,1,0
0355,12,4,1,1,1,0
0356,12,4,1,1,1,0
0357,12,4,0,1,1,0
0364,12,4,1,1,1,0
0365,12,4,0,1,1,1
0366,12,4,1,1,1,0
0367,12,4,1,1,1,0
0368,12,4,1,1,1,0
0369,12,4,1,1,1,0
0370,12,4,1,1,1,0
0371,12,4,1,1,1,0
0372,12,5,1,1,1,0
0373,12,4,1,1,1,0
0374,12,4,1,1,1,0
0375,12,4,1,1,1,0
0376,12,4,1,1,1,0
0377,12,4,1,1,1,0
0381,12,4,1,1,1,0
0382,12,4,1,1,1,0
0383,12,4,1,1,1,0
0384,12,5,1,1,1,0
0385,12,4,1,1,1,0
0386,12,4,1,1,1,0
0387,12,4,1,1,1,0
0388,12,4,1,1,1,0
0389,12,4,0,1,1,1
0390,12,4,1,1,1,0
0391,12,5,1,1,1,1
0392,12,4,1,1,1,0
0393,12,4,1,1,1,0
0395,12,4,1,1,1,0
0396,12,4,1,1,1,0
0397,12,4,1,1,1,0
0400,12,4,1,1,1,0
0401,12,4,1,1,1,0
0402,12,3,0,1,1,0
0403,12,4,0,1,1,1
0404,12,4,0,1,1,1
0405,12,4,0,1,1,1
0406,12,4,1,1,1,0
0407,12,4,1,1,1,0
0408,12,4,1,1,1,0
0409,12,4,1,1,1,0
0410,12,4,1,1,1,0
0411,12,4,1,1,1,0
0412,12,4,1,1,1,0
0413,12,4,1,1,1,0
0414,12,4,1,1,1,0
0417,12,4,1,1,1,0
0419,12,4,1,1,1,0
0427,12,4,1,1,1,0
0429,12,4,1,1,1,0
0430,12,3,0,1,1,0
0431,12,4,1,1,1,0
0432,12,4,1,1,1,0
0433,12,4,1,1,1,0
0435,12,4,1,1,1,0
0436,12,4,1,1,1,0
0438,12,4,1,1,1,0
0440,12,4,0,1,1,1
0441,12,5,1,1,1,1
0442,12,3,0,1,1,0
0443,12,4,1,1,1,0
0444,12,4,1,1,1,0
0445,12,4,1,1,1,0
0446,12,4,1,1,1,0
0447,12,4,1,1,1,0
0448,12,4,1,1,1,0
0450,12,4,1,1,1,0
0451,12,4,1,1,1,0
0452,12,4,1,1,1,0
0453,12,4,1,1,1,0
0454,12,4,1,1,1,0
0455,12,4,1,1,1,0
0456,12,4,1,1,1,0
0457,12,4,1,1,1,0
0458,12,4,1,1,1,0
0459,12,4,1,1,1,0
0460,12,4,1,1,1,0
0461,12,4,1,1,1,0
0462,12,4,1,1,1,0
0463,12,4,1,1,1,0
0464,12,4,1,1,1,0
0465,12,4,1,1,1,0
0466,12,3,0,1,1,0
0470,12,4,1,1,1,0
0471,12,4,1,1,1,0
0472,12,4,1,1,1,0
0473,12,4,1,1,1,0
0474,12,4,1,1,1,0
0478,12,4,0,1,1,1
0479,12,4,1,1,1,0
0480,12,4,1,1,1,0
0483,12,4,1,1,1,0
0490,12,4,1,1,1,0
0491,12,4,1,1,1,0
0492,12,4,1,1,1,0
0493,12,4,1,1,1,0
0494,12,4,0,1,1,1
0496,12,4,0,1,1,0
0497,12,5,1,1,1,1
0498,12,4,1,1,1,0
0499,12,4,1,1,1,0
0500,12,4,1,1,1,0
0501,12,3,0,1,1,0
0502,12,4,1,1,1,0
0504,12,4,1,1,1,0
0505,12,5,1,1,1,0
0506,12,4,1,1,1,0
0507,12,4,1,1,1,0
0508,12,5,1,1,1,1
0509,12,5,1,1,1,1
0510,12,4,1,1,1,0
0512,12,4,1,1,1,0
0513,12,4,1,1,1,0
0514,12,4,1,1,1,0
0515,12,4,1,1,1,0
0517,12,4,1,1,1,0
0518,12,4,1,1,1,0
0519,12,5,1,1,1,1
0521,12,4,1,1,1,0
0523,12,3,0,1,1,0
0524,12,4,1,1,1,0
0528,12,4,1,1,1,0
0529,12,4,1,1,1,0
0530,12,4,1,1,1,0
0533,12,4,1,1,1,0
0534,12,3,0,1,1,0
0541,12,4,1,1,1,0
0544,12,4,1,1,1,0
0545,12,4,1,1,1,0
0549,12,4,0,1,1,1
0552,12,4,1,1,1,0
0553,12,5,1,1,1,0
0554,12,4,1,1,1,0
0555,12,3,1,1,1,0
0556,12,4,1,1,1,0
0557,12,4,1,1,1,0
0563,12,4,1,1,1,0
0564,12,4,1,1,1,0
0565,12,5,1,1,1,1
0566,12,4,1,1,1,0
0567,12,4,1,1,1,0
0568,12,4,1,1,1,0
0573,12,4,0,1,1,1
0574,12,4,1,1,1,0
0575,12,3,0,1,1,0
0578,12,3,0,1,1,0
0579,12,4,1,1,1,0
0583,12,3,0,1,1,0
0584,12,4,0,1,1,1
0585,12,4,1,1,1,0
0588,12,4,1,1,1,0
0589,12,3,0,1,1,0
0591,12,4,1,1,1,0
0595,12,4,0,1,1,1
0596,12,4,1,1,1,0
0597,12,4,1,1,1,0
0598,12,4,1,1,1,0
0599,12,4,1,1,1,0
0600,12,4,1,1,1,0
0602,12,4,1,1,1,0
0603,12,4,1,1,1,0
0608,12,4,1,1,1,0
0611,12,4,1,1,1,0
0612,12,4,1,1,1,0
0613,12,3,0,1,1,0
0614,12,4,1,1,1,0
0623,12,4,1,1,1,0
0624,12,4,1,1,1,0
0628,12,4,1,1,1,0
0629,12,5,1,1,1,1
0630,12,4,0,1,1,1
0631,12,4,1,1,1,0
0632,12,4,1,1,1,0
0633,12,4,1,1,1,0
0634,12,3,0,1,1,1
0635,12,4,1,1,1,0
0636,12,3,0,1,1,0
0638,12,3,0,1,1,0
0639,12,4,1,1,1,0
0640,12,4,1,1,1,0
0644,12,4,1,1,1,0
0645,12,4,1,1,1,0
0646,12,4,1,1,1,0
0647,12,4,1,1,1,0
0650,12,4,1,1,1,0
0652,12,4,1,1,1,0
0654,12,4,1,1,1,0
0655,12,4,1,1,1,0
0656,12,3,0,1,1,0
0660,12,4,1,1,1,0
0661,12,4,1,1,1,0
0662,12,4,1,1,1,0
0667,12,4,1,1,1,0
0668,12,4,1,1,1,0
0669,12,4,1,1,1,0
0670,12,4,1,1,1,0
0673,12,4,1,1,1,0
0674,12,4,1,1,1,0
0682,12,4,0,1,1,1
0684,12,4,1,1,1,0
0685,12,3,0,1,1,0
0686,12,4,1,1,1,0
0687,12,4,1,1,1,0
0689,12,4,1,1,1,0
0691,12,4,0,1,1,1
0692,12,3,0,1,1,0
0697,12,4,1,1,1,0
0699,12,4,1,1,1,0
0700,12,5,1,1,1,0
0701,12,5,1,1,1,1
0706,12,4,0,1,1,1
0707,12,4,1,1,1,0
0708,12,4,1,1,1,0
0709,12,4,1,1,1,0
0710,12,3,0,1,1,0
0716,12,4,1,1,1,0
0717,12,4,1,1,1,0
0718,12,4,1,1,1,0
0719,12,4,1,1,1,0
0720,12,4,1,1,1,0
0722,12,4,0,1,1,1
0723,12,4,1,1,1,0
0724,12,4,1,1,1,0
0725,12,4,1,1,1,0
0726,12,4,1,1,1,0
0727,12,4,1,1,1,0
0728,12,4,1,1,1,0
0729,12,4,1,1,1,0
0730,12,4,1,1,1,0
0731,12,4,1,1,1,0
0732,12,4,1,1,1,0
0733,12,5,1,1,1,1
0734,12,4,1,1,1,0
0735,12,4,1,1,1,0
0736,12,5,1,1,1,0
0737,12,4,1,1,1,0
0738,12,4,1,1,1,0
0739,12,4,1,1,1,0
0740,12,4,1,1,1,0
0742,12,4,1,1,1,0
0743,12,4,0,1,1,1
0745,12,5,1,1,1,1
0746,12,4,1,1,1,0
0747,12,4,1,1,1,0
0749,12,4,1,1,1,0
0753,12,4,0,1,1,1
0755,12,4,1,1,1,0
0761,12,4,1,1,1,0
0763,12,4,1,1,1,0
0764,12,4,1,1,1,0
0767,12,3,1,1,1,0
0768,12,4,1,1,1,0
0769,12,4,1,1,1,0
0772,12,3,0,1,1,0
0774,12,4,1,1,1,0
0775,12,4,1,1,1,0
0776,12,4,1,1,1,0
0777,12,4,1,1,1,0
0778,12,4,1,1,1,0
0780,12,4,1,1,1,0
0781,12,4,1,1,1,0
0782,12,4,1,1,1,0
0785,12,4,0,1,1,1
0786,12,4,1,1,1,0
0787,12,4,1,1,1,0
0788,12,4,1,1,1,0
0789,12,3,0,1,1,0
0790,12,4,1,1,1,0
0791,12,5,1,1,1,0
0793,12,4,1,1,1,0
0794,12,4,1,1,1,0
0796,12,4,1,1,1,0
0797,12,4,1,1,1,0
0800,12,4,1,1,1,0
0802,12,4,1,1,1,0
0807,12,4,1,1,1,0
0808,12,4,0,1,1,1
0809,12,4,1,1,1,0
0811,12,4,1,1,1,0
0812,12,4,1,1,1,0
0813,12,4,1,1,1,0
0814,12,4,0,1,1,1
0815,12,4,1,1,1,0
0817,12,3,0,1,1,0
0818,12,4,0,1,1,1
0820,12,4,1,1,1,0
0821,12,5,1,1,1,1
0822,12,4,1,1,1,0
0823,12,4,1,1,1,0
0825,12,4,1,1,1,0
0827,12,4,1,1,1,0
0828,12,4,1,1,1,0
0830,12,4,1,1,1,0
0831,12,4,1,1,1,0
0832,12,3,0,1,1,0
0833,12,4,0,1,1,1
0837,12,4,1,1,1,0
0843,12,4,1,1,1,0
0844,12,4,1,1,1,0
0845,12,4,1,1,1,0
0846,12,4,1,1,1,0
0849,12,4,1,1,1,0
0850,12,4,1,1,1,0
0851,12,4,1,1,1,0
0852,12,4,1,1,1,0
0853,12,4,1,1,1,0
0855,12,4,0,1,1,1
0858,12,2,0,1,1,0
0859,12,4,1,1,1,0
0860,12,4,1,1,1,0
0861,12,4,1,1,1,0
0863,12,4,1,1,1,0
0864,12,4,1,1,1,0
0865,12,4,1,1,1,0
0866,12,5,1,1,1,0
0867,12,4,0,1,1,1
0868,12,4,0,1,1,1
0872,12,4,1,1,1,0
0879,12,3,0,1,1,0
0885,12,4,1,1,1,0
0886,12,4,1,1,1,0
0887,12,4,1,1,1,0
0888,12,4,1,1,1,0
0889,12,4,1,1,1,0
0890,12,4,0,1,1,1
0891,12,4,1,1,1,0
0892,12,4,1,1,1,0
0893,12,5,1,1,1,0
0894,12,4,1,1,1,0
0897,12,4,1,1,1,0
0899,12,4,0,1,1,1
0901,12,4,1,1,1,0
0903,12,4,1,1,1,0
0906,12,3,1,1,1,0
0910,12,3,1,1,1,0
0911,12,4,1,1,1,0
0912,12,4,1,1,1,0
0919,12,4,1,1,1,0
0920,12,4,1,1,1,0
0921,12,5,1,1,1,1
0922,12,4,1,1,1,0
0923,12,4,1,1,1,0
0924,12,4,1,1,1,0
0925,12,4,1,1,1,0
0926,12,4,1,1,1,0
0927,12,5,1,1,1,1
0932,12,4,1,1,1,0
0933,12,4,0,1,1,1
0934,12,4,1,1,1,0
0940,12,4,1,1,1,0
0941,12,4,1,1,1,0
0942,12,4,1,1,1,0
0944,12,3,0,1,1,0
0946,12,4,1,1,1,0
0947,12,4,1,1,1,0
0950,12,4,1,1,1,0
0951,12,4,1,1,1,0
0955,12,3,0,1,1,0
0958,12,4,1,1,1,0
0959,12,5,1,1,1,1
0960,12,4,1,1,1,0
0961,12,5,1,1,1,1
0963,12,4,1,1,1,0
0966,12,5,1,1,1,1
0967,12,4,0,1,1,1
0968,12,3,0,1,1,0
0969,12,4,1,1,1,0
0970,12,5,1,1,1,0
0972,12,4,1,1,1,0
0973,12,4,1,1,1,0
0974,12,4,1,1,1,0
0976,12,4,1,1,1,0
0979,12,4,1,1,1,0
0982,12,4,1,1,1,0
0985,12,4,1,1,1,0
0988,12,4,1,1,1,0
0990,12,4,1,1,1,0
0991,12,4,1,1,1,0
0995,12,4,1,1,1,0
0996,12,4,1,1,1,0
0997,12,4,1,1,1,0
0998,12,4,1,1,1,0
1007,12,4,1,1,1,0
1009,12,3,0,1,1,0
1011,12,3,1,1,1,0
1013,12,4,1,1,1,0
1020,12,4,1,1,1,0
1021,12,4,1,1,1,0
1022,12,4,1,1,1,0
1023,12,4,1,1,1,0
1024,12,4,1,1,1,0
1025,12,3,1,1,1,0
1026,12,4,1,1,1,0
1032,12,4,1,1,1,0
1033,12,4,1,1,1,0
1034,12,4,1,1,1,0
1037,12,4,1,1,1,0
1040,12,4,1,1,1,0
1041,12,4,1,1,1,0
1044,12,5,1,1,1,0
1045,12,4,1,1,1,0
1046,12,4,1,1,1,0
1047,12,4,1,1,1,0
1053,12,4,1,1,1,0
1054,12,4,1,1,1,0
1055,12,4,0,1,1,1
1056,12,5,1,1,1,0
1057,12,4,1,1,1,0
1059,12,3,0,1,1,0
1060,12,4,1,1,1,0
1061,12,4,1,1,1,0
1062,12,4,0,1,1,1
1067,12,4,1,1,1,0
1068,12,5,1,1,1,0
1069,12,4,1,1,1,0
1070,12,5,1,1,1,1
1071,12,4,1,1,1,0
1072,12,4,0,1,1,1
1073,12,4,1,1,1,0
1075,12,4,1,1,1,0
1076,12,3,1,1,1,0
1077,12,4,1,1,1,0
1078,12,4,1,1,1,0
1079,12,4,1,1,1,0
1080,12,5,1,1,1,0
1081,12,4,1,1,1,0
1082,12,4,1,1,1,0
1083,12,3,1,1,1,0
1084,12,3,1,1,1,0
1085,12,4,1,1,1,0
1087,12,3,1,1,1,0
1090,12,3,0,1,1,1
1093,12,4,1,1,1,0
1095,12,4,1,1,1,0
1096,12,4,1,1,1,0
1100,12,4,0,1,1,0
1101,12,4,1,1,1,0
1102,12,4,1,1,1,0
1103,12,4,1,1,1,0
1104,12,4,1,1,1,0
1105,12,4,1,1,1,0
1109,12,4,0,1,1,1
1117,12,4,1,1,1,0
1118,12,4,1,1,1,0
1120,12,4,1,1,1,0
1121,12,4,1,1,1,0
1129,12,4,1,1,1,0
1131,12,3,0,1,1,0
1132,12,4,1,1,1,0
1134,12,4,1,1,1,0
1146,12,4,0,1,1,1
1147,12,4,1,1,1,0
1149,12,4,1,1,1,0
1150,12,4,1,1,1,0
1151,12,4,1,1,1,0
1153,12,4,1,1,1,0
1154,12,4,1,1,1,0
1155,12,4,1,1,1,0
1159,12,3,0,1,1,0
1160,12,4,0,1,1,1
1161,12,3,0,1,1,0
1162,12,4,1,1,1,0
1165,12,3,0,1,1,1
1166,12,4,1,1,1,0
1167,12,4,1,1,1,0
1172,12,4,0,1,1,1
1173,12,4,1,1,1,0
1174,12,4,1,1,1,0
1175,12,4,1,1,1,0
1176,12,4,1,1,1,0
1178,12,4,0,1,1,1
1182,12,4,1,1,1,0
1184,12,4,1,1,1,0
1186,12,4,0,1,1,1
1193,12,3,1,1,1,0
1202,12,4,1,1,1,0
1214,12,4,0,1,1,1
1216,12,4,1,1,1,0
1217,12,4,1,1,1,0
1218,12,4,1,1,1,0
1219,12,4,1,1,1,0
1225,12,4,0,1,1,0
1226,12,4,1,1,1,0
1227,12,4,1,1,1,0
1228,12,4,1,1,1,0
1229,12,4,1,1,1,0
1230,12,4,1,1,1,0
1231,12,4,1,1,1,0
1232,12,3,0,1,1,0
1234,12,3,0,1,1,0
1235,12,3,0,1,1,0
1236,12,4,1,1,1,0
1237,12,4,1,1,1,0
1239,12,4,1,1,1,0
1240,12,4,1,1,1,0
1242,12,4,1,1,1,0
1243,12,5,1,1,1,0
1244,12,4,0,1,1,1
1245,12,4,0,1,1,1
1248,12,5,1,1,1,0
1249,12,4,1,1,1,0
1250,12,4,1,1,1,0
1251,12,4,0,1,1,1
1253,12,3,0,1,1,0
1254,12,4,1,1,1,0
1255,12,4,1,1,1,0
1256,12,4,1,1,1,0
1258,12,4,1,1,1,0
1259,12,4,1,1,1,0
1264,12,4,1,1,1,0
1265,12,4,1,1,1,0
1267,12,4,1,1,1,0
1268,12,4,0,1,1,1
1273,12,4,1,1,1,0
1283,12,4,1,1,1,0
1284,12,4,1,1,1,0
1286,12,3,1,1,1,0
1288,12,4,1,1,1,0
1290,12,4,1,1,1,0
1291,12,4,1,1,1,0
1293,12,4,1,1,1,0
1300,12,5,1,1,1,0
1301,12,4,1,1,1,0
1302,12,4,1,1,1,0
1303,12,4,1,1,1,0
1304,12,5,1,1,1,1
1305,12,4,1,1,1,0
1306,12,4,1,1,1,0
1308,12,4,1,1,1,0
1309,12,4,1,1,1,0
1310,12,4,1,1,1,0
1312,12,4,1,1,1,0
1313,12,4,1,1,1,0
1314,12,4,1,1,1,0
1315,12,4,1,1,1,0
1316,12,4,1,1,1,0
1317,12,4,1,1,1,0
1318,12,4,1,1,1,0
1320,12,4,0,1,1,1
1321,12,3,0,1,1,0
1322,12,4,1,1,1,0
1324,12,4,1,1,1,0
1327,12,4,1,1,1,0
1328,12,4,1,1,1,0
1329,12,4,1,1,1,0
1330,12,4,1,1,1,0
1332,12,4,1,1,1,0
1333,12,4,1,1,1,0
1334,12,4,1,1,1,0
1338,12,4,1,1,1,0
1339,12,4,1,1,1,0
1341,12,3,0,1,1,0
1342,12,4,1,1,1,0
1343,12,4,1,1,1,0
1344,12,4,1,1,1,0
1345,12,4,1,1,1,0
1346,12,5,1,1,1,0
1348,12,4,1,1,1,0
1349,12,4,1,1,1,0
1351,12,4,1,1,1,0
1353,12,4,1,1,1,0
1354,12,4,1,1,1,0
1356,12,4,1,1,1,0
1358,12,4,1,1,1,0
1359,12,4,0,1,1,1
1362,12,4,0,1,1,1
1363,12,4,1,1,1,0
1364,12,4,1,1,1,0
1365,12,4,1,1,1,0
1366,12,5,1,1,1,1
1368,12,4,1,1,1,0
1371,12,4,1,1,1,0
1372,12,4,1,1,1,0
1373,12,4,1,1,1,0
1374,12,4,1,1,1,0
1375,12,4,1,1,1,0
1376,12,4,1,1,1,0
1377,12,4,1,1,1,0
1378,12,4,1,1,1,0
1379,12,4,0,1,1,1
1382,12,4,1,1,1,0
1383,12,4,1,1,1,0
1389,12,4,1,1,1,0
1390,12,3,0,1,1,0
1391,12,5,1,1,1,0
1392,12,4,1,1,1,0
1393,12,4,1,1,1,0
1394,12,4,0,1,1,1
1395,12,4,1,1,1,0
1396,12,4,1,1,1,0
1398,12,4,0,1,1,0
1399,12,4,0,1,1,1
1400,12,4,1,1,1,0
1401,12,4,1,1,1,0
1402,12,4,0,1,1,1
1403,12,2,0,1,1,0
1404,12,4,1,1,1,0
1405,12,4,1,1,1,0
1407,12,4,0,1,1,0
1409,12,4,1,1,1,0
1410,12,4,1,1,1,0
1411,12,4,1,1,1,0
1412,12,4,1,1,1,0
1413,12,4,1,1,1,0
1414,12,4,1,1,1,0
1415,12,4,1,1,1,0
1416,12,4,1,1,1,0
1417,12,4,1,1,1,0
1418,12,4,1,1,1,0
1419,12,4,1,1,1,0
1420,12,4,1,1,1,0
1421,12,4,1,1,1,0
1422,12,4,1,1,1,0
1423,12,4,1,1,1,0
1425,12,4,1,1,1,0
1426,12,4,0,1,1,1
1428,12,4,1,1,1,0
1429,12,4,1,1,1,0
1430,12,4,1,1,1,0
1431,12,4,1,1,1,0
1432,12,4,1,1,1,0
1433,12,3,0,1,1,0
1434,12,4,1,1,1,0
1435,12,4,1,1,1,0
1437,12,4,0,1,1,1
1438,12,4,0,1,1,0
1439,12,4,1,1,1,0
1441,12,4,1,1,1,0
1442,12,4,1,1,1,0
1443,12,4,1,1,1,0
1444,12,5,1,1,1,0
1446,12,4,1,1,1,0
1448,12,4,1,1,1,0
1449,12,4,1,1,1,0
1450,12,4,1,1,1,0
1452,12,4,1,1,1,0
1454,12,5,1,1,1,1
1455,12,4,0,1,1,1
1456,12,4,1,1,1,0
1457,12,4,1,1,1,0
1458,12,4,1,1,1,0
1459,12,4,0,1,1,0
1460,12,4,0,1,1,1
1461,12,4,1,1,1,0
1462,12,4,1,1,1,0
1463,12,4,1,1,1,0
1464,12,4,1,1,1,0
1465,12,4,1,1,1,0
1466,12,4,1,1,1,0
1467,12,4,1,1,1,0
1468,12,4,1,1,1,0
1469,12,5,1,1,1,1
1470,12,4,1,1,1,0
1475,12,4,1,1,1,0
1477,12,4,1,1,1,0
1478,12,4,1,1,1,0
1479,12,4,1,1,1,0
1480,12,4,1,1,1,0
1481,12,4,1,1,1,0
1485,12,4,1,1,1,0
1486,12,4,1,1,1,0
1488,12,3,0,1,1,1
1493,12,5,1,1,1,0
1494,12,4,1,1,1,0
1495,12,4,1,1,1,0
1498,12,4,1,1,1,0
1499,12,4,1,1,1,0
1500,12,4,1,1,1,0
1501,12,4,1,1,1,0
1502,12,5,1,1,1,1
1504,12,4,1,1,1,0
1505,12,4,1,1,1,0
1506,12,4,1,1,1,0
1507,12,4,1,1,1,0
1508,12,4,1,1,1,0
1509,12,3,0,1,1,1
1510,12,3,1,1,1,0
1511,12,5,1,1,1,1
1512,12,4,1,1,1,0
1513,12,4,1,1,1,0
1515,12,5,1,1,1,1
1516,12,4,1,1,1,0
1517,12,4,1,1,1,0
1519,12,5,1,1,1,1
1521,12,4,1,1,1,0
1522,12,4,1,1,1,0
1524,12,4,1,1,1,0
1532,12,3,0,1,1,1
1533,12,3,0,1,1,1
1534,12,3,1,1,1,0
1535,12,4,1,1,1,0
1536,12,4,1,1,1,0
1537,12,4,1,1,1,0
1538,12,4,1,1,1,0
1539,12,4,1,1,1,0
1543,12,5,1,1,1,1
1545,12,4,1,1,1,0
1546,12,4,1,1,1,0
1547,12,4,1,1,1,0
1548,12,4,1,1,1,0
1549,12,4,1,1,1,0
1550,12,3,0,1,1,0
1552,12,4,1,1,1,0
1553,12,4,1,1,1,0
1555,12,4,1,1,1,0
1559,12,4,1,1,1,0
1561,12,4,1,1,1,0
1562,12,4,1,1,1,0
1563,12,4,1,1,1,0
1564,12,5,1,1,1,1
1566,12,4,1,1,1,0
1567,12,4,1,1,1,0
1568,12,4,1,1,1,0
1569,12,4,1,1,1,0
1570,12,3,0,1,1,0
1571,12,4,1,1,1,0
1572,12,4,1,1,1,0
1573,12,4,1,1,1,0
1575,12,4,1,1,1,0
1576,12,4,1,1,1,0
1577,12,4,1,1,1,0
1578,12,4,1,1,1,0
1579,12,4,1,1,1,0
1580,12,4,1,1,1,0
1581,12,4,1,1,1,0
1582,12,4,1,1,1,0
1583,12,4,1,1,1,0
1584,12,4,1,1,1,0
1585,12,4,1,1,1,0
1586,12,4,1,1,1,0
1588,12,4,1,1,1,0
1590,12,4,1,1,1,0
1591,12,4,1,1,1,0
1592,12,5,1,1,1,1
1593,12,4,1,1,1,0
1594,12,4,1,1,1,0
1596,12,4,1,1,1,0
1597,12,4,1,1,1,0
1598,12,4,1,1,1,0
1599,12,4,1,1,1,0
1600,12,4,1,1,1,0
1602,12,4,1,1,1,0
1603,12,4,1,1,1,0
1604,12,4,1,1,1,0
1605,12,4,1,1,1,0
1606,12,3,0,1,1,0
1607,12,4,1,1,1,0
1609,12,4,1,1,1,0
1610,12,4,1,1,1,0
1611,12,4,1,1,1,0
1612,12,4,1,1,1,0
1613,12,4,1,1,1,0
1614,12,4,0,1,1,1
1615,12,4,1,1,1,0
1617,12,4,1,1,1,0
1618,12,4,1,1,1,0
1619,12,4,1,1,1,0
1620,12,4,1,1,1,0
1621,12,4,1,1,1,0
1624,12,4,1,1,1,0
1625,12,4,1,1,1,0
1626,12,4,1,1,1,0
1628,12,4,1,1,1,0
1632,12,4,1,1,1,0
1633,12,4,1,1,1,0
1634,12,5,1,1,1,0
1635,12,4,1,1,1,0
1636,12,4,1,1,1,0
1637,12,4,1,1,1,0
1638,12,4,1,1,1,0
1639,12,4,1,1,1,0
1641,12,4,1,1,1,0
1642,12,4,0,1,1,1
1643,12,4,1,1,1,0
1645,12,4,1,1,1,0
1646,12,4,1,1,1,0
1647,12,4,1,1,1,0
1648,12,4,1,1,1,0
1650,12,4,1,1,1,0
1655,12,4,1,1,1,0
1656,12,3,0,1,1,0
1657,12,4,0,1,1,0
1659,12,4,1,1,1,0
1661,12,4,0,1,1,1
1662,12,4,1,1,1,0
1663,12,4,1,1,1,0
1664,12,4,1,1,1,0
1666,12,4,1,1,1,0
1667,12,4,1,1,1,0
1668,12,4,1,1,1,0
1669,12,4,1,1,1,0
1670,12,5,1,1,1,0
1671,12,4,0,1,1,0
1672,12,4,1,1,1,0
1674,12,4,1,1,1,0
1676,12,4,1,1,1,0
1677,12,4,1,1,1,0
1678,12,4,1,1,1,0
1679,12,4,1,1,1,0
1685,12,3,0,1,1,0
1686,12,4,1,1,1,0
1687,12,4,1,1,1,0
1688,12,4,1,1,1,0
1689,12,3,0,1,1,0
1690,12,4,1,1,1,0
1692,12,4,1,1,1,0
1693,12,4,1,1,1,0
1694,12,3,0,1,1,0
1695,12,4,1,1,1,0
1696,12,3,0,1,1,0
1697,12,4,1,1,1,0
1698,12,2,0,1,1,0
1699,12,4,1,1,1,0
1700,12,4,1,1,1,0
1701,12,4,1,1,1,0
1702,12,4,1,1,1,0
1703,12,4,1,1,1,0
1705,12,3,0,1,1,0
1708,12,4,1,1,1,0
1709,12,4,1,1,1,0
1710,12,4,1,1,1,0
1711,12,4,1,1,1,0
1712,12,4,1,1,1,0
1714,12,4,1,1,1,0
1715,12,4,1,1,1,0
1717,12,4,1,1,1,0
1718,12,4,1,1,1,0
1719,12,4,1,1,1,0
1720,12,4,1,1,1,0
1721,12,4,1,1,1,0
1722,12,4,1,1,1,0
1723,12,4,1,1,1,0
1724,12,4,1,1,1,0
1725,12,4,1,1,1,0
1726,12,5,1,1,1,1
1728,12,4,0,1,1,0
1729,12,4,1,1,1,0
1733,12,4,1,1,1,0
1734,12,4,1,1,1,0
1735,12,4,0,1,1,0
1736,12,4,1,1,1,0
1737,12,4,1,1,1,0
1738,12,4,1,1,1,0
1739,12,4,0,1,1,0
1740,12,4,1,1,1,0
1742,12,4,1,1,1,0
1743,12,4,1,1,1,0
1744,12,4,1,1,1,0
1745,12,4,1,1,1,0
1746,12,4,0,1,1,1
1748,12,4,1,1,1,0
1749,12,4,1,1,1,0
1750,12,4,1,1,1,0
1751,12,4,1,1,1,0
1752,12,4,1,1,1,0
1753,12,4,0,1,1,1
1754,12,4,1,1,1,0
1756,12,4,1,1,1,0
1757,12,4,1,1,1,0
1758,12,4,1,1,1,0
1759,12,4,1,1,1,0
1760,12,4,1,1,1,0
1761,12,4,1,1,1,0
1762,12,4,1,1,1,0
1763,12,4,1,1,1,0
1764,12,3,0,1,1,0
1766,12,4,1,1,1,0
1769,12,4,1,1,1,0
1770,12,4,1,1,1,0
1771,12,4,1,1,1,0
1772,12,4,1,1,1,0
1773,12,4,1,1,1,0
1774,12,4,1,1,1,0
1775,12,4,1,1,1,0
1776,12,4,1,1,1,0
1778,12,5,1,1,1,0
1779,12,4,1,1,1,0
1780,12,4,1,1,1,0
1781,12,4,1,1,1,0
1783,12,4,1,1,1,0
1784,12,4,1,1,1,0
1785,12,4,1,1,1,0
1786,12,3,1,1,1,0
1787,12,3,1,1,1,0
1788,12,3,1,1,1,0
1789,12,4,1,1,1,0
1790,12,4,1,1,1,0
1793,12,5,1,1,1,1
1794,12,4,1,1,1,0
1795,12,4,1,1,1,0
1796,12,4,1,1,1,0
1798,12,4,1,1,1,0
1799,12,4,1,1,1,0
1800,12,4,1,1,1,0
1801,12,4,1,1,1,0
1802,12,4,1,1,1,0
1803,12,4,0,1,1,1
1804,12,4,1,1,1,0
1805,12,4,1,1,1,0
1806,12,4,1,1,1,0
1807,12,4,1,1,1,0
1808,12,4,1,1,1,0
1809,12,4,1,1,1,0
1810,12,4,1,1,1,0
1812,12,4,1,1,1,0
1813,12,4,1,1,1,0
1814,12,4,1,1,1,0
1815,12,4,1,1,1,0
1816,12,4,1,1,1,0
1817,12,4,1,1,1,0
1818,12,4,1,1,1,0
1819,12,5,1,1,1,1
1824,12,4,1,1,1,0
1826,12,4,1,1,1,0
1827,12,4,1,1,1,0
1828,12,5,1,1,1,0
1829,12,4,1,1,1,0
1830,12,4,1,1,1,0
1831,12,3,1,1,1,0
1832,12,4,1,1,1,0
1833,12,4,0,1,1,1
1834,12,4,1,1,1,0
1836,12,4,1,1,1,0
1837,12,3,0,1,1,1
1838,12,4,1,1,1,0
1842,12,4,1,1,1,0
1843,12,4,1,1,1,0
1844,12,4,1,1,1,0
1845,12,4,1,1,1,0
1847,12,4,1,1,1,0
1848,12,4,0,1,1,1
1850,12,4,1,1,1,0
1851,12,4,1,1,1,0
1852,12,4,1,1,1,0
1853,12,4,1,1,1,0
1854,12,4,1,1,1,0
1855,12,4,1,1,1,0
1856,12,4,0,1,1,1
1857,12,3,0,1,1,0
1858,12,4,1,1,1,0
1860,12,4,1,1,1,0
1861,12,4,1,1,1,0
1862,12,4,1,1,1,0
1863,12,5,1,1,1,1
1864,12,4,1,1,1,0
1867,12,5,1,1,1,1
1868,12,4,1,1,1,0
1869,12,5,1,1,1,1
1870,12,4,1,1,1,0
1871,12,4,1,1,1,0
1872,12,4,1,1,1,0
1873,12,4,1,1,1,0
1874,12,4,1,1,1,0
1875,12,4,1,1,1,0
1876,12,5,1,1,1,0
1877,12,4,1,1,1,0
1879,12,4,1,1,1,0
1880,12,4,1,1,1,0
1883,12,4,1,1,1,0
1884,12,4,1,1,1,0
1885,12,4,1,1,1,0
1886,12,4,1,1,1,0
1887,12,4,0,1,1,0
1889,12,4,1,1,1,0
1890,12,4,1,1,1,0
1891,12,4,1,1,1,0
1892,12,4,1,1,1,0
1894,12,4,0,1,1,1
1895,12,4,1,1,1,0
1896,12,4,1,1,1,0
1897,12,4,1,1,1,0
1898,12,4,1,1,1,0
1900,12,4,1,1,1,0
1902,12,4,1,1,1,0
1903,12,4,1,1,1,0
1904,12,4,1,1,1,0
1906,12,4,1,1,1,0
1907,12,4,1,1,1,0
1908,12,4,1,1,1,0
1909,12,5,1,1,1,0
1910,12,4,1,1,1,0
1911,12,5,1,1,1,1
1912,12,4,1,1,1,0
1913,12,5,1,1,1,0
1914,12,4,1,1,1,0
1915,12,3,0,1,1,0
1917,12,4,1,1,1,0
1918,12,4,1,1,1,0
1919,12,4,1,1,1,0
1923,12,4,1,1,1,0
1924,12,4,1,1,1,0
1926,12,4,1,1,1,0
1928,12,4,1,1,1,0
1930,12,4,1,1,1,0
1933,12,4,1,1,1,0
1934,12,4,1,1,1,0
1935,12,5,1,1,1,0
1936,12,4,1,1,1,0
1937,12,4,1,1,1,0
1938,12,4,0,1,1,1
1939,12,4,1,1,1,0
1940,12,4,1,1,1,0
1941,12,4,1,1,1,0
1942,12,3,0,1,1,0
1943,12,5,1,1,1,1
1946,12,4,1,1,1,0
1948,12,3,0,1,1,0
1949,12,4,1,1,1,0
1950,12,4,1,1,1,0
1952,12,5,1,1,1,1
1953,12,4,1,1,1,0
1954,12,4,1,1,1,0
1955,12,4,1,1,1,0
1956,12,4,1,1,1,0
1957,12,4,1,1,1,0
1958,12,4,1,1,1,0
1959,12,4,1,1,1,0
1960,12,4,1,1,1,0
1961,12,4,1,1,1,0
1963,12,4,1,1,1,0
1964,12,4,1,1,1,0
1965,12,4,1,1,1,0
1966,12,4,1,1,1,0
1967,12,5,1,1,1,0
1968,12,4,1,1,1,0
1969,12,4,1,1,1,0
1970,12,4,1,1,1,0
1975,12,4,1,1,1,0
1976,12,4,0,1,1,1
1977,12,4,1,1,1,0
1978,12,4,1,1,1,0
1979,12,4,1,1,1,0
1980,12,4,1,1,1,0
1981,12,4,1,1,1,0
1982,12,4,1,1,1,0
1983,12,5,1,1,1,1
1984,12,4,1,1,1,0
1985,12,4,1,1,1,0
1986,12,4,1,1,1,0
1987,12,3,0,1,1,1
1988,12,4,1,1,1,0
1989,12,4,1,1,1,0
1992,12,4,0,1,1,1
1993,12,4,1,1,1,0
1994,12,4,1,1,1,0
1996,12,4,1,1,1,0
1999,12,4,1,1,1,0
2000,12,4,1,1,1,0
2001,12,3,0,1,1,0
2002,12,3,1,1,1,0
2003,12,4,1,1,1,0
2004,12,3,1,1,1,0
2006,12,3,1,1,1,0
2007,12,4,1,1,1,0
2009,12,4,1,1,1,0
2010,12,4,1,1,1,0
2011,12,4,1,1,1,0
2012,12,4,1,1,1,0
2013,12,4,1,1,1,0
2014,12,4,1,1,1,0
2015,12,3,0,1,1,0
2016,12,4,1,1,1,0
2019,12,4,1,1,1,0
2020,12,4,1,1,1,0
2021,12,5,1,1,1,0
2022,12,4,0,1,1,1
2023,12,3,0,1,1,0
2024,12,4,1,1,1,0
2025,12,4,1,1,1,0
2026,12,4,1,1,1,0
2027,12,5,1,1,1,1
2029,12,4,1,1,1,0
2030,12,5,1,1,1,1
2031,12,4,1,1,1,0
2032,12,4,1,1,1,0
2033,12,4,0,1,1,1
2034,12,5,1,1,1,0
2035,12,4,1,1,1,0
2037,12,4,1,1,1,0
2038,12,4,1,1,1,0
2039,12,4,1,1,1,0
2040,12,4,1,1,1,0
2044,12,4,1,1,1,0
2045,12,4,1,1,1,0
2047,12,4,1,1,1,0
2049,12,4,1,1,1,0
2050,12,5,1,1,1,1
2051,12,4,1,1,1,0
2052,12,4,1,1,1,0
2053,12,4,1,1,1,0
2054,12,4,1,1,1,0
2056,12,3,1,1,1,0
2058,12,4,1,1,1,0
2060,12,5,1,1,1,1
2061,12,4,1,1,1,0
2062,12,5,1,1,1,0
2065,12,4,1,1,1,0
2066,12,4,1,1,1,0
2067,12,5,1,1,1,0
2068,12,4,0,1,1,1
2069,12,4,1,1,1,0
2070,12,4,1,1,1,0
2071,12,4,1,1,1,0
2075,12,4,0,1,1,1
2076,12,4,1,1,1,0
2077,12,4,1,1,1,0
2078,12,5,1,1,1,1
2079,12,4,1,1,1,0
2080,12,4,1,1,1,0
2081,12,4,1,1,1,0
2082,12,5,1,1,1,1
2083,12,4,1,1,1,0
2085,12,4,1,1,1,0
2086,12,4,1,1,1,0
2088,12,4,1,1,1,0
2089,12,4,1,1,1,0
2090,12,3,0,1,1,0
2092,12,4,1,1,1,0
2093,12,4,0,1,1,1
2094,12,4,1,1,1,0
2095,12,4,1,1,1,0
2096,12,4,1,1,1,0
2097,12,5,1,1,1,0
2098,12,3,0,1,1,0
2099,12,4,1,1,1,0
2101,12,3,0,1,1,1
2102,12,3,1,1,1,0
2103,12,3,0,1,1,1
2104,12,4,1,1,1,0
2105,12,4,1,1,1,0
2106,12,4,1,1,1,0
2107,12,4,1,1,1,0
2108,12,4,1,1,1,0
2109,12,5,1,1,1,1
2110,12,4,1,1,1,0
2111,12,3,0,1,1,0
2112,12,4,1,1,1,0
2114,12,4,1,1,1,0
2115,12,4,1,1,1,0
2117,12,4,1,1,1,0
2118,12,4,1,1,1,0
2119,12,4,1,1,1,0
2120,12,5,1,1,1,0
2123,12,4,1,1,1,0
2124,12,4,1,1,1,0
2126,12,4,0,1,1,1
2127,12,4,1,1,1,0
2128,12,4,1,1,1,0
2129,12,4,1,1,1,0
2130,12,4,1,1,1,0
2131,12,4,1,1,1,0
2132,12,4,1,1,1,0
2133,12,4,1,1,1,0
2134,12,5,1,1,1,1
2135,12,4,1,1,1,0
2136,12,4,1,1,1,0
2137,12,4,1,1,1,0
2138,12,4,1,1,1,0
2139,12,4,1,1,1,0
2140,12,4,1,1,1,0
2141,12,4,1,1,1,0
2142,12,5,1,1,1,1
2143,12,4,1,1,1,0
2144,12,4,1,1,1,0
2145,12,4,1,1,1,0
2146,12,4,1,1,1,0
2147,12,4,1,1,1,0
2148,12,4,0,1,1,1
2149,12,4,1,1,1,0
2150,12,4,1,1,1,0
2152,12,4,1,1,1,0
2153,12,4,1,1,1,0
2155,12,4,1,1,1,0
2156,12,4,1,1,1,0
2157,12,4,1,1,1,0
2158,12,4,1,1,1,0
2159,12,3,0,1,1,0
2160,12,4,1,1,1,0
2161,12,4,1,1,1,0
2162,12,4,1,1,1,0
2163,12,4,1,1,1,0
2164,12,4,1,1,1,0
2165,12,4,1,1,1,0
2167,12,4,1,1,1,0
2168,12,4,1,1,1,0
2169,12,4,1,1,1,0
2170,12,4,1,1,1,0
2173,12,4,1,1,1,0
2176,12,4,0,1,1,1
2178,12,4,1,1,1,0
2180,12,4,1,1,1,0
2181,12,4,1,1,1,0
2182,12,4,1,1,1,0
2183,12,4,1,1,1,0
2184,12,3,1,1,1,0
2185,12,3,1,1,1,0
2188,12,4,1,1,1,0
2190,12,4,1,1,1,0
2191,12,4,1,1,1,0
2192,12,4,1,1,1,0
2193,12,4,1,1,1,0
2194,12,4,1,1,1,0
2195,12,4,1,1,1,0
2196,12,4,1,1,1,0
2197,12,4,1,1,1,0
2198,12,4,1,1,1,0
2199,12,4,1,1,1,0
2200,12,4,1,1,1,0
2201,12,4,0,1,1,1
2202,12,4,1,1,1,0
2203,12,4,1,1,1,0
2204,12,4,1,1,1,0
2205,12,4,1,1,1,0
2206,12,4,0,1,1,1
2207,12,4,0,1,1,1
2208,12,4,1,1,1,0
2209,12,4,1,1,1,0
2210,12,4,1,1,1,0
2211,12,4,1,1,1,0
2212,12,4,1,1,1,0
2213,12,4,1,1,1,0
2214,12,4,1,1,1,0
2215,12,4,0,1,1,1
2216,12,4,1,1,1,0
2217,12,4,1,1,1,0
2218,12,4,1,1,1,0
2219,12,4,0,1,1,1
2221,12,4,0,1,1,1
2222,12,4,1,1,1,0
2223,12,4,1,1,1,0
2224,12,2,0,1,1,0
2225,12,3,1,1,1,0
2226,12,4,1,1,1,0
2227,12,4,1,1,1,0
2228,12,3,0,1,1,0
2230,12,4,1,1,1,0
2231,12,4,1,1,1,0
2236,12,5,1,1,1,0
2237,12,4,1,1,1,0
2238,12,4,1,1,1,0
2239,12,4,1,1,1,0
2240,12,4,1,1,1,0
2241,12,4,1,1,1,0
2242,12,4,1,1,1,0
2243,12,3,0,1,1,0
2244,12,4,1,1,1,0
2245,12,4,1,1,1,0
2247,12,4,0,1,1,1
2248,12,4,1,1,1,0
2249,12,4,1,1,1,0
2250,12,4,1,1,1,0
2251,12,3,0,1,1,0
2254,12,5,1,1,1,1
2255,12,4,1,1,1,0
2256,12,4,1,1,1,0
2258,12,5,1,1,1,0
2259,12,4,1,1,1,0
2260,12,5,1,1,1,1
2262,12,4,1,1,1,0
2263,12,4,1,1,1,0
2264,12,4,1,1,1,0
2265,12,4,1,1,1,0
2266,12,4,1,1,1,0
2267,12,4,1,1,1,0
2268,12,5,1,1,1,0
2269,12,5,1,1,1,1
2270,12,4,1,1,1,0
2271,12,4,1,1,1,0
2273,12,4,1,1,1,0
2274,12,4,1,1,1,0
2276,12,5,1,1,1,0
2277,12,4,1,1,1,0
2278,12,4,1,1,1,0
2279,12,4,1,1,1,0
2280,12,2,0,1,1,0
2283,12,4,1,1,1,0
2284,12,4,1,1,1,0
2285,12,4,1,1,1,0
2286,12,4,1,1,1,0
2287,12,5,1,1,1,1
2288,12,4,0,1,1,1
2289,12,4,1,1,1,0
2290,12,4,0,1,1,1
2291,12,4,0,1,1,1
2292,12,4,1,1,1,0
2293,12,4,1,1,1,0
2294,12,3,0,1,1,0
2295,12,4,1,1,1,0
2297,12,4,1,1,1,0
2298,12,4,1,1,1,0
2299,12,4,1,1,1,0
2300,12,4,1,1,1,0
2301,12,4,1,1,1,0
2302,12,4,1,1,1,0
2303,12,5,1,1,1,0
2304,12,4,1,1,1,0
2305,12,5,1,1,1,1
2306,12,4,1,1,1,0
2307,12,4,1,1,1,0
2308,12,4,1,1,1,0
2309,12,4,1,1,1,0
2310,12,4,1,1,1,0
2311,12,4,1,1,1,0
2312,12,4,1,1,1,0
2313,12,4,1,1,1,0
2314,12,4,1,1,1,0
2315,12,4,0,1,1,0
2317,12,4,0,1,1,1
2318,12,4,0,1,1,1
2319,12,5,1,1,1,1
2320,12,4,1,1,1,0
2321,12,4,1,1,1,0
2322,12,4,1,1,1,0
2323,12,4,1,1,1,0
2324,12,4,1,1,1,0
2325,12,4,1,1,1,0
2326,12,4,1,1,1,0
2327,12,4,1,1,1,0
2329,12,5,1,1,1,1
2330,12,4,1,1,1,0
2331,12,4,1,1,1,0
2332,12,4,1,1,1,0
2333,12,4,1,1,1,0
2334,12,3,0,1,1,0
2335,12,4,1,1,1,0
2336,12,4,0,1,1,1
2337,12,4,1,1,1,0
2338,12,4,1,1,1,0
2339,12,4,1,1,1,0
2341,12,3,0,1,1,0
2342,12,4,1,1,1,0
2343,12,4,0,1,1,1
2344,12,3,0,1,1,0
2347,12,4,1,1,1,0
2348,12,4,0,1,1,1
2350,12,4,1,1,1,0
2352,12,3,0,1,1,0
2353,12,4,0,1,1,1
2354,12,4,1,1,1,0
2355,12,4,1,1,1,0
2357,12,4,1,1,1,0
2358,12,4,1,1,1,0
2359,12,5,1,1,1,1
2360,12,4,1,1,1,0
2361,12,4,1,1,1,0
2362,12,4,1,1,1,0
2363,12,4,1,1,1,0
2364,12,3,0,1,1,0
2365,12,4,0,1,1,1
2366,12,4,1,1,1,0
2367,12,4,1,1,1,0
2368,12,4,1,1,1,0
2369,12,4,1,1,1,0
2370,12,4,1,1,1,0
2371,12,4,1,1,1,0
2372,12,4,1,1,1,0
2373,12,4,1,1,1,0
2374,12,4,1,1,1,0
2375,12,4,1,1,1,0
2376,12,4,1,1,1,0
2379,12,4,1,1,1,0
2380,12,4,1,1,1,0
2381,12,4,0,1,1,1
2382,12,4,1,1,1,0
2383,12,4,1,1,1,0
2384,12,4,1,1,1,0
2385,12,5,1,1,1,1
2386,12,5,1,1,1,1
2387,12,4,1,1,1,0
2388,12,4,1,1,1,0
2389,12,4,1,1,1,0
2390,12,4,1,1,1,0
2391,12,4,1,1,1,0
2392,12,4,0,1,1,1
2393,12,3,0,1,1,0
2394,12,4,1,1,1,0
2395,12,4,1,1,1,0
2396,12,4,1,1,1,0
2397,12,5,1,1,1,1
2400,12,3,0,1,1,0
2401,12,4,1,1,1,0
2403,12,4,1,1,1,0
2404,12,4,1,1,1,0
2405,12,5,1,1,1,1
2406,12,4,1,1,1,0
2407,12,4,0,1,1,1
2408,12,4,1,1,1,0
2409,12,4,1,1,1,0
2410,12,4,1,1,1,0
2411,12,4,1,1,1,0
2412,12,4,0,1,1,1
2413,12,4,1,1,1,0
2417,12,4,1,1,1,0
2418,12,4,1,1,1,0
2419,12,4,1,1,1,0
2420,12,4,1,1,1,0
2421,12,4,1,1,1,0
2422,12,5,1,1,1,1
2423,12,4,1,1,1,0
2424,12,3,0,1,1,0
2425,12,4,0,1,1,1
2426,12,4,1,1,1,0
2428,12,4,0,1,1,1
2429,12,4,1,1,1,0
2430,12,4,1,1,1,0
2431,12,4,1,1,1,0
2432,12,4,1,1,1,0
2433,12,2,0,1,1,0
2434,12,4,1,1,1,0
2435,12,4,1,1,1,0
2436,12,4,1,1,1,0
2437,12,4,1,1,1,0
2438,12,4,1,1,1,0
2439,12,4,1,1,1,0
2440,12,4,1,1,1,0
2441,12,4,1,1,1,0
2443,12,4,1,1,1,0
2444,12,4,0,1,1,1
2445,12,4,1,1,1,0
2446,12,3,1,1,1,0
2447,12,4,1,1,1,0
2448,12,4,1,1,1,0
