sample_id,nearest_type,nearest_class,nearest_dist,n_neighbors_found,displacement,avg_speed_est,status_moment,status_future
0000,vehicles,car,16.979787,4,0.355688,0.071138,ok,ok
0001,vrus,scooter,0.929277,13,6.203458,1.240692,ok,ok
0002,vrus,person,6.515365,15,7.927906,1.585581,ok,ok
0004,vrus,person,0.804954,12,0.01077,0.002154,ok,ok
0005,vrus,person,1.904971,12,0.039743,0.007949,ok,ok
0006,vrus,person,1.633077,12,0.183452,0.03669,ok,ok
0007,vrus,person,1.980843,12,0.005511,0.001102,ok,ok
0008,vehicles,car,10.994973,12,7.994217,1.598843,ok,ok
0009,vrus,person,2.857554,12,5.659845,1.131969,ok,ok
0010,vehicles,car,7.816562,13,6.769145,1.353829,ok,ok
0011,vrus,person,4.275329,15,8.961718,1.792344,ok,ok
0013,vrus,person,1.278461,15,0.333905,0.066781,ok,ok
0014,vrus,scooter,6.154863,14,6.468309,1.293662,ok,ok
0015,vehicles,car,10.528572,14,6.929458,1.385892,ok,ok
0016,vrus,person,4.239259,13,7.238389,1.447678,ok,ok
0017,vrus,person,0.79994,12,0.064609,0.012922,ok,ok
0019,vrus,person,4.034089,6,0.091332,0.018266,ok,ok
0020,vrus,person,1.850334,8,6.26553,1.253106,ok,ok
0021,vrus,person,1.908922,12,0.086305,0.017261,ok,ok
0022,vrus,person,0.422377,12,6.945299,1.38906,ok,ok
0023,vrus,person,0.811677,13,7.335553,1.467111,ok,ok
0024,vrus,bicycle,2.780221,15,6.462759,1.292552,ok,ok
0026,vehicles,car,8.030715,12,0.060784,0.012157,ok,ok
0027,vrus,person,5.680807,15,8.486702,1.69734,ok,ok
0028,vrus,person,0.39298,15,0.038352,0.00767,ok,ok
0029,vrus,person,3.712814,15,8.980081,1.796016,ok,ok
0030,vehicles,car,2.176507,15,1.547494,0.309499,ok,ok
0031,vrus,person,3.583051,11,5.418962,1.083792,ok,ok
0032,vehicles,car,11.475622,11,6.951703,1.390341,ok,ok
0033,vrus,person,1.136747,11,8.833608,1.766722,ok,ok
0034,vrus,person,2.734697,11,6.126305,1.225261,ok,ok
0035,vrus,person,1.397987,11,4.637678,0.927536,ok,ok
0036,vrus,person,0.792991,12,2.777408,0.555482,ok,ok
0037,vehicles,car,4.382251,9,7.099184,1.628253,ok,ok
0039,vrus,person,0.696487,9,7.262997,1.452599,ok,ok
0040,vrus,person,2.2912,9,7.099098,1.41982,ok,ok
0041,vrus,person,1.927408,9,7.801292,1.560258,ok,ok
0042,vehicles,car,7.512016,9,0.044233,0.008847,ok,ok
0043,vehicles,car,17.948258,9,8.161236,1.632247,ok,ok
0044,vrus,person,0.872985,9,6.731641,1.346328,ok,ok
0045,vrus,person,0.370858,8,0.071908,0.014382,ok,ok
0046,vrus,person,0.217141,8,0.039184,0.007837,ok,ok
0047,vrus,person,1.168327,7,0.019998,0.004,ok,ok
0048,vrus,person,1.146583,8,0.157595,0.031519,ok,ok
0049,vrus,person,1.768858,8,4.984035,0.996807,ok,ok
0050,vrus,person,1.082321,14,7.472401,1.49448,ok,ok
0051,vehicles,car,6.305907,12,7.58376,1.516752,ok,ok
0052,vrus,person,4.765566,15,7.367272,1.473454,ok,ok
0053,vrus,person,0.539958,11,0.431541,0.086308,ok,ok
0054,vehicles,car,18.557969,9,7.550964,1.510193,ok,ok
0055,vrus,person,0.62484,15,7.750787,1.550157,ok,ok
0057,vrus,person,2.030014,7,0.287962,0.057592,ok,ok
0058,vrus,person,1.293105,7,0.406424,0.081285,ok,ok
0059,vrus,person,1.682359,11,5.518256,1.103651,ok,ok
0060,vehicles,car,18.326661,9,6.855468,1.371094,ok,ok
0061,vrus,person,0.558298,12,7.841265,1.568253,ok,ok
0062,vrus,person,0.558298,12,5.803738,1.160748,ok,ok
0064,vrus,person,1.259649,11,0.234216,0.046843,ok,ok
0065,vrus,person,1.440345,10,0.036528,0.007306,ok,ok
0066,vrus,person,1.406567,8,5.516646,1.103329,ok,ok
0067,vrus,person,6.713004,15,3.864903,0.772981,ok,ok
0068,vrus,person,2.446307,9,2.692798,0.53856,ok,ok
0069,vehicles,car,6.946811,14,6.724058,1.344812,ok,ok
0070,vehicles,car,7.532039,15,6.964283,1.392857,ok,ok
0071,vehicles,car,11.989407,11,0.865035,0.173007,ok,ok
0072,vrus,person,0.904684,15,5.466795,1.093359,ok,ok
0073,vrus,person,13.013324,11,7.651909,1.530382,ok,ok
0074,vehicles,car,15.549379,7,8.715016,1.743003,ok,ok
0075,vrus,person,0.831708,10,7.299573,1.533524,ok,ok
0076,vehicles,car,13.198756,5,0.034194,0.006839,ok,ok
0077,vehicles,car,11.88075,2,0.229194,0.045839,ok,ok
0079,vehicles,car,6.063098,4,0.815621,0.163124,ok,ok
0080,vehicles,car,10.235831,11,6.497046,1.56179,ok,ok
0082,vrus,bicycle,3.896666,5,1.15754,0.231508,ok,ok
0083,vehicles,car,6.689988,6,7.434145,1.486829,ok,ok
0085,vrus,person,0.766005,7,6.629923,1.325985,ok,ok
0086,vrus,person,0.783992,7,7.031744,1.406349,ok,ok
0087,vrus,person,1.299005,7,6.657083,1.331417,ok,ok
0089,vehicles,car,12.447175,6,0.009491,0.001898,ok,ok
0090,vehicles,car,9.085932,8,0.006715,0.001343,ok,ok
0091,vrus,person,0.644273,8,4.644126,0.928825,ok,ok
0092,vrus,bicycle,13.772992,8,0.042753,0.008551,ok,ok
0093,vrus,person,5.492598,9,6.547996,1.309599,ok,ok
0094,vrus,person,0.587977,10,7.325707,1.465141,ok,ok
0096,vrus,person,0.281822,9,4.54705,0.90941,ok,ok
0099,vrus,person,0.539123,9,6.743101,1.546583,ok,ok
0100,vehicles,car,8.017803,9,0.062038,0.012408,ok,ok
0101,vrus,person,1.614079,9,0.146905,0.029381,ok,ok
0102,vrus,person,1.179681,8,3.707291,0.741458,ok,ok
0104,vrus,person,2.111936,14,7.636247,1.527249,ok,ok
0105,vrus,bicycle,0.727024,10,3.600449,0.72009,ok,ok
0106,vrus,person,0.707994,15,3.11371,0.622742,ok,ok
0107,vrus,person,0.217831,12,6.557478,1.311496,ok,ok
0109,vrus,person,0.371345,12,0.042266,0.008453,ok,ok
0110,vehicles,car,16.166198,8,7.074741,1.414948,ok,ok
0111,vrus,person,0.578034,8,6.312627,1.262525,ok,ok
0112,vehicles,car,10.523214,8,6.567281,1.313456,ok,ok
0113,vehicles,car,10.849195,8,0.198954,0.039791,ok,ok
0114,vehicles,car,9.851299,7,7.545703,1.509141,ok,ok
0115,vehicles,car,8.035767,15,7.511613,1.502323,ok,ok
0116,vehicles,car,5.363889,15,8.030376,1.606075,ok,ok
0118,vehicles,car,12.284529,8,0.715564,0.143113,ok,ok
0119,vrus,person,4.456637,8,0.053105,0.010621,ok,ok
0120,vehicles,car,8.384024,8,0.106114,0.021223,ok,ok
0121,vehicles,car,9.236698,10,5.454492,1.090898,ok,ok
0122,vrus,person,1.687338,12,0.205589,0.041118,ok,ok
0123,vrus,person,2.327458,12,0.001324,0.000265,ok,ok
0124,vehicles,car,8.957588,12,0.032381,0.006476,ok,ok
0125,vrus,person,0.786652,12,0.103201,0.02064,ok,ok
0126,vrus,person,1.670565,11,0.329737,0.065947,ok,ok
0127,vrus,person,1.4348,14,3.491142,0.698228,ok,ok
0128,vrus,person,0.812057,15,0.155876,0.031175,ok,ok
0129,vehicles,car,10.371311,15,5.548182,1.109636,ok,ok
0130,vrus,person,1.154182,14,8.742712,1.748542,ok,ok
0131,vrus,person,1.599609,15,7.283801,1.45676,ok,ok
0132,vrus,person,0.448214,15,0.016313,0.003263,ok,ok
0133,vrus,person,3.416975,15,6.490517,1.298103,ok,ok
0134,vrus,person,0.044731,15,6.006628,1.201326,ok,ok
0135,vehicles,car,12.22673,15,6.803011,1.360602,ok,ok
0136,vrus,person,1.072653,15,0.001015,0.000203,ok,ok
0137,vrus,person,1.170691,15,0.031473,0.006295,ok,ok
0138,vrus,person,1.165975,15,0.154502,0.0309,ok,ok
0139,vehicles,car,6.876774,15,0.033779,0.006756,ok,ok
0140,vrus,person,1.679178,15,0.08196,0.016392,ok,ok
0141,vrus,person,0.214705,15,5.804732,1.160946,ok,ok
0142,vrus,person,1.541154,15,7.397501,1.4795,ok,ok
0143,vrus,person,1.115949,15,0.047382,0.009476,ok,ok
0144,vrus,person,1.20249,15,6.385645,1.277129,ok,ok
0145,vrus,person,2.844793,15,2.711088,0.542218,ok,ok
0146,vehicles,car,7.797388,15,7.102159,1.420432,ok,ok
0147,vrus,person,0.233781,15,0.705902,0.14118,ok,ok
0148,vrus,person,7.724017,14,5.681825,1.136365,ok,ok
0149,vrus,person,7.749119,14,6.861244,1.372249,ok,ok
0150,vrus,person,1.579731,15,7.654321,1.530864,ok,ok
0151,vrus,person,1.420608,15,7.373492,1.474698,ok,ok
0152,vehicles,car,10.876928,15,6.834912,1.366982,ok,ok
0153,vrus,person,1.667136,15,3.436177,0.687235,ok,ok
0154,vrus,person,4.02011,15,6.818686,1.363737,ok,ok
0155,vrus,person,3.808215,15,7.471125,1.556489,ok,ok
0156,vrus,person,0.703305,15,6.382273,1.424623,ok,ok
3499,vrus,person,1.072653,15,0.001015,0.000203,ok,ok
3500,vrus,person,1.165975,15,0.154502,0.0309,ok,ok
3501,vehicles,car,6.876774,15,0.033779,0.006756,ok,ok
3502,vrus,person,1.679178,15,0.08196,0.016392,ok,ok
3503,vrus,person,0.214705,15,5.804732,1.160946,ok,ok
3504,vrus,person,6.286208,14,6.209514,1.241903,ok,ok
3505,vrus,person,1.115949,15,0.047382,0.009476,ok,ok
3506,vrus,person,1.20249,15,6.385645,1.277129,ok,ok
3507,vrus,person,2.844793,15,2.711088,0.542218,ok,ok
3508,vehicles,car,7.797388,15,7.102159,1.420432,ok,ok
3509,vrus,person,0.233781,15,0.705902,0.14118,ok,ok
3510,vrus,person,7.724017,14,5.681825,1.136365,ok,ok
3511,vrus,person,7.749119,14,6.861244,1.372249,ok,ok
3512,vrus,person,0.40614,15,6.110566,1.222113,ok,ok
3513,vrus,person,1.579731,15,7.654321,1.530864,ok,ok
3514,vrus,person,1.420608,15,7.373492,1.474698,ok,ok
3515,vehicles,car,10.876928,15,6.834912,1.366982,ok,ok
3516,vrus,person,1.667136,15,3.436177,0.687235,ok,ok
3517,vrus,person,4.02011,15,6.818686,1.363737,ok,ok
0158,vrus,person,7.499492,5,0.056226,0.011245,ok,ok
0160,vrus,person,0.948469,7,2.128996,0.425799,ok,ok
0161,vrus,person,2.75156,13,0.038515,0.007703,ok,ok
0162,vrus,person,1.890236,14,0.047294,0.009459,ok,ok
0163,vrus,person,1.646248,14,0.046741,0.009348,ok,ok
0164,vrus,person,9.343207,14,7.26225,1.45245,ok,ok
0165,vehicles,car,8.678884,14,8.227921,1.645584,ok,ok
0166,vehicles,car,7.020822,8,8.156874,1.631375,ok,ok
0167,vrus,person,1.305628,10,0.044845,0.008969,ok,ok
0168,vrus,person,11.968105,11,0.160376,0.032075,ok,ok
0169,vehicles,car,7.178883,7,6.47161,1.294322,ok,ok
0170,vrus,bicycle,5.811622,7,0.490704,0.098141,ok,ok
0173,vrus,person,5.987198,7,0.037259,0.007452,ok,ok
0174,vehicles,car,5.097689,6,0.051521,0.010304,ok,ok
0175,vrus,person,2.528703,6,0.005582,0.001116,ok,ok
0176,vrus,person,2.529551,6,0.018343,0.003669,ok,ok
0177,vehicles,car,17.637908,4,0.057447,0.011489,ok,ok
0178,vehicles,car,13.818534,4,0.178318,0.035664,ok,ok
0179,vrus,person,3.034608,12,5.161182,1.032236,ok,ok
0180,vehicles,car,9.357636,11,0.827545,0.165509,ok,ok
0185,vehicles,car,15.342988,8,0.088843,0.017769,ok,ok
0186,vehicles,truck,19.474355,7,7.715178,1.543036,ok,ok
0187,vrus,person,19.537126,4,4.894741,0.978948,ok,ok
0188,vrus,person,10.530838,9,13.42182,2.684364,ok,ok
0189,vrus,person,0.531396,6,3.963729,0.792746,ok,ok
0190,vrus,person,3.641796,4,9.305316,1.861063,ok,ok
0191,vrus,person,0.785448,8,7.786826,1.557365,ok,ok
0192,vehicles,car,23.469762,9,1.839231,0.367846,ok,ok
0193,vehicles,car,11.40457,7,0.100192,0.020038,ok,ok
0194,vehicles,car,8.883988,7,0.171298,0.03426,ok,ok
0195,vrus,person,8.696999,4,5.065917,1.013183,ok,ok
0197,vrus,person,12.586175,9,8.146989,1.629398,ok,ok
0198,vrus,person,1.970097,3,0.004025,0.000805,ok,ok
0199,vrus,person,2.197054,4,6.819222,1.363844,ok,ok
0200,vehicles,car,12.192976,4,4.122662,0.824532,ok,ok
0201,vrus,person,0.505199,4,3.043649,0.60873,ok,ok
0202,vrus,person,0.6081,6,0.037292,0.007458,ok,ok
0203,vrus,person,0.061589,5,0.089475,0.017895,ok,ok
0204,vrus,person,0.089617,6,0.004451,0.00089,ok,ok
0205,vehicles,car,6.737212,6,8.171237,1.634247,ok,ok
0206,vehicles,car,4.364691,5,8.193255,1.638651,ok,ok
0207,vehicles,car,7.499613,10,3.153073,0.630615,ok,ok
0209,vehicles,car,4.756902,12,0.190811,0.038162,ok,ok
0210,vrus,person,1.611555,9,0.01174,0.002348,ok,ok
0211,vehicles,car,13.363888,14,7.421757,1.484351,ok,ok
0212,vrus,person,0.66958,6,0.049446,0.009889,ok,ok
0213,vrus,person,0.664717,10,2.077143,0.415429,ok,ok
0214,vrus,person,0.626579,11,1.764508,0.352902,ok,ok
0215,vrus,person,1.345362,15,7.443311,1.488662,ok,ok
0216,vrus,person,1.725901,15,7.321358,1.464272,ok,ok
0217,vrus,person,1.197185,15,7.995519,1.599104,ok,ok
0218,vrus,person,3.080431,15,7.630949,1.52619,ok,ok
0219,vrus,person,0.742883,4,0.640896,0.128179,ok,ok
0220,vrus,person,0.692256,7,0.20487,0.041305,ok,ok
0221,vrus,person,0.822561,15,7.615343,1.54784,ok,ok
0222,vrus,person,0.751068,4,0.183249,0.038498,ok,ok
0223,vrus,person,2.399697,14,0.162529,0.032506,ok,ok
0224,vrus,person,0.131422,13,8.671067,1.734213,ok,ok
0225,vrus,person,2.575767,15,0.025131,0.005026,ok,ok
0226,vrus,person,0.785732,10,5.560239,1.112048,ok,ok
0227,vrus,person,0.077064,13,8.327212,1.665442,ok,ok
0228,vehicles,car,5.405171,7,6.883216,1.376643,ok,ok
0229,vehicles,car,7.394054,11,8.665234,1.733047,ok,ok
0231,vehicles,car,19.022854,12,8.949675,1.789935,ok,ok
0232,vehicles,car,5.782416,15,7.701884,1.540377,ok,ok
0233,vehicles,car,4.548983,12,7.659717,1.531943,ok,ok
0234,vrus,person,0.184461,6,2.152269,0.430454,ok,ok
0235,vrus,person,0.116324,5,5.742756,1.148551,ok,ok
0236,vehicles,car,9.270445,7,0.023157,0.004631,ok,ok
0237,vehicles,car,6.876401,15,6.587175,1.317435,ok,ok
0238,vehicles,car,12.335733,9,5.723372,1.144674,ok,ok
0239,vrus,person,0.324825,4,0.02411,0.004822,ok,ok
0240,vrus,person,0.266171,5,0.011099,0.00222,ok,ok
0241,vehicles,car,4.029459,9,0.883504,0.176701,ok,ok
0242,vehicles,car,15.068372,8,7.199361,1.439872,ok,ok
0246,vrus,person,12.318207,9,0.050319,0.010064,ok,ok
0247,vehicles,car,16.982845,13,0.092016,0.018403,ok,ok
0248,vehicles,car,9.039871,9,7.082832,1.416566,ok,ok
0249,vehicles,car,12.803096,8,7.875798,1.57516,ok,ok
0251,vrus,bicycle,10.715894,10,0.026162,0.005232,ok,ok
0252,vehicles,car,10.382165,13,2.859586,0.571917,ok,ok
0253,vrus,bicycle,0.726199,14,4.544521,0.908904,ok,ok
0254,vehicles,car,7.573393,14,7.511629,1.502326,ok,ok
0257,vehicles,car,7.850887,10,6.206089,1.241218,ok,ok
0258,vrus,person,4.914225,5,0.302377,0.060475,ok,ok
0260,vrus,person,1.923152,5,0.082861,0.016572,ok,ok
0261,vehicles,car,8.878951,11,8.093849,1.61877,ok,ok
0263,vehicles,car,15.078444,13,6.597089,1.363033,ok,ok
0264,vehicles,car,16.442443,5,0.015643,0.003129,ok,ok
0265,vehicles,car,8.151402,7,8.530428,1.706086,ok,ok
0266,vehicles,car,7.295105,6,6.668738,1.333748,ok,ok
0268,vehicles,car,7.266788,10,8.036231,1.607246,ok,ok
0269,vehicles,car,3.486058,10,2.445038,0.489008,ok,ok
0270,vrus,person,0.499961,9,5.466456,1.093291,ok,ok
0271,vrus,person,2.428832,8,4.27852,0.855704,ok,ok
0272,vrus,person,2.518371,7,0.013014,0.002603,ok,ok
0273,vrus,person,0.518904,12,0.961208,0.192242,ok,ok
0274,vrus,person,0.519169,10,6.581775,1.316355,ok,ok
0275,vehicles,car,7.337185,5,0.252537,0.050507,ok,ok
0277,vehicles,car,15.19568,12,0.049808,0.009962,ok,ok
0278,vrus,person,0.657465,8,6.960547,1.392109,ok,ok
0279,vrus,person,4.218524,8,9.217267,1.843453,ok,ok
0280,vrus,person,0.643503,8,7.499034,1.499807,ok,ok
0282,vehicles,truck,3.951888,6,13.223958,2.644792,ok,ok
0286,vehicles,car,13.064682,11,0.081697,0.016339,ok,ok
0287,vrus,bicycle,10.265382,11,0.172836,0.034567,ok,ok
0288,vrus,person,1.313725,11,0.614186,0.122837,ok,ok
0290,vrus,bicycle,6.505825,11,6.686942,1.337388,ok,ok
0291,vrus,person,0.336297,15,6.870688,1.374138,ok,ok
0292,vrus,person,0.878344,15,7.190901,1.43818,ok,ok
0293,vrus,person,0.826269,15,7.181778,1.436356,ok,ok
0295,vrus,person,2.772114,15,7.669908,1.533982,ok,ok
0296,vrus,person,0.943671,15,5.866559,1.173312,ok,ok
0297,vrus,person,0.832045,15,6.921559,1.384312,ok,ok
0298,vrus,person,1.211589,12,0.063642,0.012728,ok,ok
0300,vehicles,car,9.386482,13,7.725757,1.545151,ok,ok
0301,vrus,person,3.864677,15,7.829948,1.56599,ok,ok
0303,vrus,person,2.157917,13,1.350315,0.270063,ok,ok
0306,vehicles,car,7.770544,15,6.918852,1.38377,ok,ok
0308,vrus,bicycle,6.445692,15,7.394743,1.478949,ok,ok
0309,vrus,bicycle,21.259677,14,7.458372,1.491674,ok,ok
0312,vrus,person,2.483316,5,1.758312,0.351662,ok,ok
0313,vrus,person,4.764784,9,6.161729,1.232346,ok,ok
0314,vrus,person,0.515214,9,7.644812,1.528962,ok,ok
0315,vrus,person,0.487034,9,7.312516,1.462503,ok,ok
0316,vrus,person,0.627228,10,7.311753,1.462351,ok,ok
0317,vrus,person,0.848184,11,7.427411,1.614639,ok,ok
0319,vrus,bicycle,14.620307,6,0.710135,0.142027,ok,ok
0320,vehicles,car,7.528817,15,7.218982,1.443796,ok,ok
0323,vehicles,car,3.016106,15,8.661477,1.732295,ok,ok
0324,vrus,person,6.962773,14,8.45,1.69,ok,ok
0325,vehicles,car,5.509539,10,0.028909,0.005782,ok,ok
0327,vrus,person,8.625311,9,0.021697,0.004339,ok,ok
0328,vrus,person,2.196152,12,6.237987,1.247597,ok,ok
0329,vrus,person,5.377727,14,0.486433,0.097287,ok,ok
0330,vrus,person,0.645788,15,6.963575,1.392715,ok,ok
0331,vrus,person,2.065386,15,7.25074,1.450148,ok,ok
0332,vrus,person,0.495618,15,6.210458,1.242092,ok,ok
0333,vrus,person,1.36262,15,6.80589,1.361178,ok,ok
0334,vrus,person,1.587117,13,0.074853,0.014971,ok,ok
0335,vrus,person,0.194498,13,6.589257,1.317851,ok,ok
0337,vehicles,car,8.969874,9,7.916213,1.583243,ok,ok
0338,vrus,scooter,13.650165,5,9.196111,1.839222,ok,ok
0341,vrus,person,2.503246,12,8.387362,1.677472,ok,ok
0342,vrus,person,1.26359,12,8.778283,1.755657,ok,ok
0343,vrus,person,0.149193,14,3.487283,0.697457,ok,ok
0344,vrus,person,11.148812,13,0.256403,0.051281,ok,ok
0346,vehicles,car,9.549407,14,7.333205,1.466641,ok,ok
0347,vehicles,car,19.141667,11,5.887983,1.177597,ok,ok
0348,vehicles,car,7.895808,12,6.287122,1.257424,ok,ok
0349,vehicles,car,6.321092,12,0.207724,0.041545,ok,ok
0350,vehicles,car,4.765602,14,6.94087,1.388174,ok,ok
0351,vrus,person,5.30306,14,6.233511,1.246702,ok,ok
0352,vrus,person,0.291717,15,7.213565,1.442713,ok,ok
0353,vehicles,car,7.431614,10,6.588586,1.317717,ok,ok
0354,vrus,person,1.963461,11,0.740339,0.148068,ok,ok
0355,vrus,person,0.985106,14,5.840602,1.16812,ok,ok
0356,vehicles,car,2.693771,15,0.284684,0.056937,ok,ok
0357,vrus,person,0.732135,15,0.080019,0.016004,ok,ok
0364,vrus,person,0.534713,10,0.213403,0.042681,ok,ok
0365,vrus,person,1.474334,9,0.033495,0.006699,ok,ok
0366,vrus,person,0.527083,14,0.027374,0.005475,ok,ok
0367,vrus,person,1.433319,10,0.03249,0.006498,ok,ok
0368,vrus,person,2.233238,10,0.008728,0.001746,ok,ok
0369,vrus,person,1.604104,11,0.631713,0.126343,ok,ok
0370,vrus,person,1.570899,12,0.484107,0.096821,ok,ok
0371,vrus,person,1.74088,10,8.618629,1.723726,ok,ok
0372,vrus,person,0.705736,10,0.009895,0.001979,ok,ok
0373,vehicles,car,8.033742,13,6.129549,1.22591,ok,ok
0374,vrus,person,5.020618,10,5.885341,1.177068,ok,ok
0375,vrus,person,4.544706,15,6.909416,1.381883,ok,ok
0376,vehicles,car,3.744684,15,5.285931,1.057186,ok,ok
0377,vrus,person,11.940382,10,7.205656,1.441131,ok,ok
0381,vrus,person,0.292997,8,0.208285,0.041657,ok,ok
0382,vrus,person,0.518309,8,0.035168,0.007034,ok,ok
0383,vrus,bicycle,0.590091,8,0.055926,0.011185,ok,ok
0384,vehicles,car,5.659804,13,3.715728,0.743146,ok,ok
0385,vrus,bicycle,3.140155,15,0.03097,0.006194,ok,ok
0386,vrus,person,3.128677,14,7.117687,1.423537,ok,ok
0387,vrus,person,2.56598,14,0.023057,0.004611,ok,ok
0388,vrus,person,17.460557,11,5.844071,1.168814,ok,ok
0389,vrus,person,1.72872,15,5.682821,1.136564,ok,ok
0390,vrus,person,0.848214,15,5.805397,1.161079,ok,ok
0391,vrus,person,7.803385,11,5.132702,1.02654,ok,ok
0392,vrus,person,10.283934,13,7.151493,1.430299,ok,ok
0393,vehicles,car,6.452027,13,5.995929,1.199186,ok,ok
0395,vrus,person,0.965689,14,0.111234,0.022247,ok,ok
0396,vrus,bicycle,0.886434,15,0.482127,0.096425,ok,ok
0397,vrus,person,13.665574,11,5.109855,1.171979,ok,ok
0400,vrus,person,1.609587,11,7.879853,1.575971,ok,ok
0401,vrus,person,0.153322,10,5.563322,1.112664,ok,ok
0402,vrus,person,0.61907,15,0.078711,0.015742,ok,ok
0403,vrus,person,3.708696,14,0.132934,0.026587,ok,ok
0404,vrus,person,1.058712,14,0.318223,0.063645,ok,ok
0405,vrus,person,0.676796,13,0.087243,0.017449,ok,ok
0406,vrus,person,0.745764,15,0.033464,0.006693,ok,ok
0407,vrus,person,1.552042,14,5.481061,1.096212,ok,ok
0408,vrus,person,1.968503,11,6.42684,1.285368,ok,ok
0409,vrus,person,8.519653,15,4.640829,0.928166,ok,ok
0410,vrus,person,0.570217,15,0.06772,0.013544,ok,ok
0411,vehicles,car,7.627564,10,6.121955,1.224391,ok,ok
0412,vrus,person,0.726721,15,0.04413,0.008826,ok,ok
0413,vrus,person,0.788456,11,5.682489,1.136498,ok,ok
0414,vrus,person,0.995686,14,8.430408,1.686082,ok,ok
0417,vrus,person,1.662988,14,8.999016,1.890529,ok,ok
0419,vehicles,car,7.869271,13,6.36036,1.272072,ok,ok
0427,vehicles,car,5.203377,7,6.830826,1.366165,ok,ok
0429,vehicles,car,10.412484,7,6.61529,1.333728,ok,ok
0430,vrus,person,1.469659,6,0.021247,0.004249,ok,ok
0431,vrus,person,1.468321,8,0.015604,0.003121,ok,ok
0432,vehicles,car,9.291466,6,9.605733,1.921147,ok,ok
0433,vrus,bicycle,6.11271,13,0.044921,0.008984,ok,ok
0435,vrus,person,14.413626,10,1.078887,0.215777,ok,ok
0436,vrus,person,19.663833,7,0.004562,0.000912,ok,ok
0438,vehicles,car,7.869042,12,0.02748,0.005496,ok,ok
0440,vehicles,car,9.973932,6,0.170293,0.034059,ok,ok
0441,vehicles,car,7.557561,9,0.030963,0.006193,ok,ok
0442,vrus,person,6.785257,2,6.43832,1.287664,ok,ok
0443,vrus,person,0.495558,5,4.554535,0.910907,ok,ok
0444,vehicles,car,10.259922,4,6.554616,1.310923,ok,ok
0445,vrus,person,4.09135,5,6.681415,1.336283,ok,ok
0446,vrus,person,3.647136,5,7.570789,1.514158,ok,ok
0447,vehicles,car,16.463322,8,7.98529,1.597058,ok,ok
0448,vehicles,car,9.193217,5,4.807083,1.12315,ok,ok
0450,vrus,person,2.60349,11,0.006951,0.00139,ok,ok
0451,vrus,person,2.841683,11,0.333955,0.066791,ok,ok
0452,vrus,person,3.627382,11,0.145238,0.029048,ok,ok
0453,vrus,person,2.60349,11,0.014755,0.002951,ok,ok
0454,vrus,person,1.697163,14,7.669066,1.533813,ok,ok
0455,vehicles,car,9.403386,12,6.894352,1.37887,ok,ok
0456,vehicles,car,4.648693,11,7.537136,1.507427,ok,ok
0457,vrus,person,0.519732,10,0.150506,0.030101,ok,ok
0458,vrus,person,0.306028,13,5.213237,1.042647,ok,ok
0459,vrus,person,2.787127,14,8.41695,1.68339,ok,ok
0460,vrus,person,2.240751,11,7.594107,1.518821,ok,ok
0461,vrus,person,1.640902,10,7.828095,1.565619,ok,ok
0462,vrus,person,0.272592,15,5.278787,1.055757,ok,ok
0463,vrus,person,2.112416,9,7.732099,1.54642,ok,ok
0464,vrus,person,5.906829,9,5.898595,1.179719,ok,ok
0465,vehicles,car,3.373372,7,8.414575,1.682915,ok,ok
0466,vehicles,car,6.57676,8,5.636224,1.127245,ok,ok
0470,vrus,person,1.693084,8,0.045891,0.009178,ok,ok
0471,vrus,person,1.532706,5,5.582014,1.116403,ok,ok
0472,vehicles,truck,7.554511,9,6.117624,1.223525,ok,ok
0473,vrus,person,1.561186,10,0.221945,0.044389,ok,ok
0474,vehicles,car,24.439394,8,6.204252,1.24085,ok,ok
0478,vrus,person,0.741013,6,1.915489,0.383098,ok,ok
0479,vehicles,car,4.945521,8,0.030409,0.006082,ok,ok
0480,vrus,bicycle,0.898382,11,7.558816,1.511763,ok,ok
0483,vehicles,car,5.91772,13,6.131246,1.226249,ok,ok
0490,vrus,person,1.553275,9,8.833151,1.76663,ok,ok
0491,vrus,person,12.121132,9,6.565054,1.313011,ok,ok
0492,vrus,person,1.680553,11,6.02497,1.204994,ok,ok
0493,vrus,person,6.055219,11,8.068558,1.613712,ok,ok
0494,vrus,bicycle,3.248997,11,7.428661,1.485732,ok,ok
0496,vrus,person,3.564935,11,5.596544,1.119309,ok,ok
0497,vehicles,car,8.651073,11,5.958973,1.191795,ok,ok
0498,vrus,person,1.969688,9,0.022116,0.004423,ok,ok
0499,vrus,person,1.007803,12,0.013979,0.002796,ok,ok
0500,vehicles,car,9.642462,11,3.87629,0.775258,ok,ok
0501,vehicles,car,11.146055,11,7.424028,1.484806,ok,ok
0502,vrus,person,10.021797,15,7.778158,1.62045,ok,ok
0504,vehicles,car,4.33204,15,0.661198,0.13224,ok,ok
0505,vrus,motorcycle,9.152866,15,0.023181,0.004636,ok,ok
0506,vrus,person,7.441983,14,6.502853,1.300571,ok,ok
0507,vrus,person,4.478415,15,1.963213,0.392643,ok,ok
0508,vehicles,car,6.723314,15,8.075987,1.615197,ok,ok
0509,vrus,bicycle,1.632643,14,0.072982,0.014596,ok,ok
0510,vrus,person,3.15808,12,6.580912,1.316182,ok,ok
0512,vrus,person,3.109139,12,7.017938,1.403588,ok,ok
0513,vehicles,car,4.612578,14,0.083449,0.01669,ok,ok
0514,vrus,person,4.528622,15,8.65059,1.730118,ok,ok
0515,vehicles,truck,11.140318,13,5.252945,1.050589,ok,ok
0517,vrus,person,2.37379,9,0.00549,0.001098,ok,ok
0518,vrus,person,1.842491,9,0.005008,0.001002,ok,ok
0519,vrus,person,1.850616,9,0.014646,0.002929,ok,ok
0521,vehicles,car,6.984916,15,0.027705,0.005541,ok,ok
0523,vrus,person,1.346766,12,6.052177,1.210435,ok,ok
0524,vrus,person,1.597957,13,6.444526,1.288905,ok,ok
0528,vrus,person,0.702294,10,0.06252,0.012504,ok,ok
0529,vrus,person,0.668054,9,0.083195,0.016639,ok,ok
0530,vehicles,car,4.063385,9,6.20481,1.240962,ok,ok
0533,vehicles,car,13.489141,4,1.880672,0.376134,ok,ok
0534,vehicles,car,12.908901,5,7.839191,1.567838,ok,ok
0541,vrus,bicycle,3.515372,11,8.176637,1.635327,ok,ok
0544,vrus,person,0.664834,9,0.135444,0.027089,ok,ok
0545,vehicles,car,13.793533,5,9.638576,1.927715,ok,ok
0549,vrus,person,1.277481,13,5.742726,1.148545,ok,ok
0552,vrus,person,2.010881,9,7.289216,1.457843,ok,ok
0553,vehicles,car,10.433051,7,8.248455,1.649691,ok,ok
0554,vrus,person,0.585447,10,6.59907,1.319814,ok,ok
0555,vehicles,car,21.929291,5,4.212616,0.842523,ok,ok
0556,vrus,person,0.540184,13,7.49469,1.498938,ok,ok
0557,vrus,motorcycle,10.646261,12,7.921556,1.584311,ok,ok
0563,vrus,person,1.549791,9,8.398997,1.679799,ok,ok
0564,vrus,person,0.902174,8,7.715655,1.543131,ok,ok
0565,vehicles,car,30.82741,3,6.880447,1.376089,ok,ok
0566,vrus,person,7.665484,10,0.094811,0.018962,ok,ok
0567,vehicles,car,2.99958,5,7.534101,1.50682,ok,ok
0568,vrus,bicycle,6.709194,10,8.273154,1.654631,ok,ok
0573,vehicles,car,7.157504,10,0.412515,0.082503,ok,ok
0574,vrus,person,14.195873,6,7.130129,1.426026,ok,ok
0575,vrus,person,10.94135,10,5.071031,1.014206,ok,ok
0578,vehicles,car,16.88196,7,6.249557,1.249911,ok,ok
0579,vehicles,car,4.917619,5,7.417443,1.483489,ok,ok
0583,vrus,person,0.412792,4,1.435759,0.287152,ok,ok
0584,vrus,person,0.357614,5,0.095545,0.019109,ok,ok
0585,vrus,person,15.694581,5,0.216873,0.043375,ok,ok
0588,vehicles,car,5.445224,3,0.776935,0.155387,ok,ok
0589,vehicles,car,19.707776,4,1.724846,0.344969,ok,ok
0591,vrus,scooter,17.47188,4,0.024486,0.004897,ok,ok
0595,vehicles,car,4.490587,5,0.021269,0.004254,ok,ok
0596,vrus,person,0.909993,12,7.169763,1.433953,ok,ok
0597,vrus,person,2.567227,15,5.975667,1.195133,ok,ok
0598,vrus,person,0.568851,15,5.881574,1.176315,ok,ok
0599,vrus,person,0.474881,14,7.311477,1.462295,ok,ok
0600,vrus,person,16.030925,11,7.955535,1.591107,ok,ok
0602,vrus,person,0.538591,15,6.09869,1.219738,ok,ok
0603,vehicles,car,23.698902,11,2.069378,0.483496,ok,ok
0608,vrus,scooter,1.182997,10,16.473054,3.294611,ok,ok
0611,vehicles,car,7.240465,5,0.011048,0.00221,ok,ok
0612,vrus,person,0.214351,8,6.757552,1.35151,ok,ok
0613,vehicles,car,8.969348,8,7.423836,1.484767,ok,ok
0614,vehicles,car,25.722955,4,5.965511,1.193102,ok,ok
0623,vrus,person,2.760684,6,6.937143,1.387429,ok,ok
0624,vehicles,car,14.61336,2,7.296725,1.459345,ok,ok
0628,vrus,person,2.798135,6,0.02122,0.004244,ok,ok
0629,vrus,person,1.590982,8,0.013468,0.002694,ok,ok
0630,vrus,person,1.718396,7,0.03644,0.007288,ok,ok
0631,vrus,person,2.208665,15,0.052024,0.010405,ok,ok
0632,vrus,person,2.345477,15,0.987396,0.197479,ok,ok
0633,vehicles,car,8.045091,13,0.112679,0.022536,ok,ok
0634,vehicles,car,8.737579,6,6.090818,1.218164,ok,ok
0635,vehicles,car,2.438606,13,0.463479,0.092696,ok,ok
0636,vrus,person,7.203012,5,0.126233,0.025247,ok,ok
0638,vrus,person,20.044478,7,0.047672,0.009534,ok,ok
0639,vrus,person,1.069605,7,12.249773,2.449955,ok,ok
0640,vehicles,car,20.771553,4,5.975707,1.276864,ok,ok
0644,vrus,person,1.564496,10,0.025052,0.00501,ok,ok
0645,vrus,person,0.94042,8,8.520186,1.704037,ok,ok
0646,vrus,person,5.282618,7,7.095689,1.419138,ok,ok
0647,vrus,bicycle,23.315196,11,0.3567,0.07134,ok,ok
0650,vehicles,car,13.205441,5,0.139116,0.027823,ok,ok
0652,vehicles,car,7.944177,3,7.959836,1.591967,ok,ok
0654,vehicles,car,9.218746,4,0.043438,0.008688,ok,ok
0655,vehicles,car,22.587752,10,0.12098,0.024196,ok,ok
0656,vehicles,car,24.427,5,0.383601,0.07672,ok,ok
0660,vrus,person,2.347139,4,6.511551,1.30231,ok,ok
0661,vrus,person,1.520672,6,9.049994,1.809999,ok,ok
0662,vrus,person,5.06631,6,8.563397,1.712679,ok,ok
0667,vehicles,car,12.510755,7,5.371955,1.074391,ok,ok
0668,vrus,person,0.697758,10,6.467913,1.293583,ok,ok
0669,vrus,person,0.570673,10,0.428059,0.085612,ok,ok
0670,vehicles,car,13.727782,6,7.238561,1.447712,ok,ok
0673,vehicles,car,16.820699,8,0.007447,0.001489,ok,ok
0674,vrus,person,0.642199,9,5.330635,1.066127,ok,ok
0682,vehicles,car,14.982979,6,1.006307,0.201261,ok,ok
0684,vrus,person,0.733682,15,7.089866,1.417973,ok,ok
0685,vrus,person,1.036102,7,6.305638,1.261128,ok,ok
0686,vrus,person,3.643815,13,6.590031,1.318006,ok,ok
0687,vrus,scooter,23.458169,9,1.849065,0.369813,ok,ok
0689,vrus,bicycle,25.480985,7,0.739222,0.147844,ok,ok
0691,vrus,person,0.585551,8,6.209786,1.241957,ok,ok
0692,vrus,bicycle,4.04009,5,6.242649,1.311488,ok,ok
0697,vrus,person,0.670106,7,7.430508,1.486102,ok,ok
0699,vrus,person,0.651624,7,7.229132,1.445826,ok,ok
0700,vehicles,car,10.94454,6,0.008611,0.001722,ok,ok
0701,vehicles,car,10.635552,7,0.005792,0.001158,ok,ok
0706,vrus,person,1.835836,7,0.38561,0.077122,ok,ok
0707,vrus,person,0.472619,7,0.050867,0.010173,ok,ok
0708,vrus,person,2.774024,9,3.159593,0.631919,ok,ok
0709,vrus,person,0.478482,7,0.036582,0.007316,ok,ok
0710,vrus,person,4.198009,10,2.792512,0.558502,ok,ok
0716,vehicles,car,7.730997,11,1.881064,0.376213,ok,ok
0717,vehicles,car,7.020684,7,6.496314,1.299263,ok,ok
0718,vrus,person,0.899604,11,5.298315,1.059663,ok,ok
0719,vrus,person,0.993747,12,4.191521,0.838304,ok,ok
0720,vrus,person,6.362784,12,0.150346,0.030069,ok,ok
0722,vrus,person,0.863416,11,0.370529,0.074106,ok,ok
0723,vehicles,car,6.043991,11,6.883942,1.376788,ok,ok
0724,vrus,person,0.666693,14,7.08847,1.417694,ok,ok
0725,vrus,person,0.416077,12,7.045268,1.409054,ok,ok
0726,vrus,person,0.852595,13,6.615265,1.323053,ok,ok
0727,vrus,person,2.956679,14,4.47161,0.894322,ok,ok
0728,vrus,person,0.155543,14,1.699137,0.339827,ok,ok
0729,vrus,person,1.600152,13,7.834685,1.566937,ok,ok
0730,vrus,person,1.920464,13,0.189922,0.037984,ok,ok
0731,vrus,person,3.43984,13,6.867055,1.373411,ok,ok
0732,vrus,person,0.793475,13,0.040453,0.008091,ok,ok
0733,vehicles,car,10.975055,11,5.924046,1.184809,ok,ok
0734,vrus,person,3.384333,11,7.297478,1.459496,ok,ok
0735,vehicles,car,11.872386,10,5.327616,1.256506,ok,ok
0736,vrus,person,27.85675,4,4.568113,0.913623,ok,ok
0737,vrus,person,7.79465,1,6.820554,1.364111,ok,ok
0738,vrus,person,0.546015,5,6.924164,1.384833,ok,ok
0739,vrus,person,0.550453,5,6.46481,1.292962,ok,ok
0740,vrus,person,0.469174,7,7.193949,1.43879,ok,ok
0742,vehicles,car,19.442432,4,3.013015,0.602603,ok,ok
0743,vrus,person,4.941229,4,5.31278,1.062556,ok,ok
0745,vehicles,car,5.367133,5,8.288622,1.657724,ok,ok
0746,vrus,person,5.336739,4,6.176969,1.235394,ok,ok
0747,vrus,person,1.582748,8,4.502442,0.900488,ok,ok
0749,vehicles,car,13.000473,9,2.878528,0.575706,ok,ok
0753,vrus,scooter,0.556056,7,0.379896,0.075979,ok,ok
0755,vrus,person,9.179735,8,7.331131,1.466226,ok,ok
0761,vrus,bicycle,9.98908,11,6.945029,1.389006,ok,ok
0763,vehicles,car,24.654803,4,5.839442,1.167888,ok,ok
0764,vrus,person,0.233887,6,6.99136,1.398272,ok,ok
0767,vehicles,car,9.380653,4,0.305339,0.061068,ok,ok
0768,vrus,person,1.913096,8,0.193167,0.038633,ok,ok
0769,vrus,bicycle,8.483222,12,7.542318,1.508464,ok,ok
0772,vrus,bicycle,3.754248,2,0.049078,0.009816,ok,ok
0774,vehicles,car,16.480454,6,6.163133,1.232627,ok,ok
0775,vrus,person,0.518134,5,6.082803,1.216561,ok,ok
0776,vrus,person,0.280104,1,6.197657,1.239531,ok,ok
0777,vehicles,car,9.404813,9,8.379625,1.675925,ok,ok
0778,vehicles,car,13.087896,9,6.17285,1.23457,ok,ok
0780,vehicles,car,5.390549,7,0.717547,0.143509,ok,ok
0781,vrus,person,0.593608,11,0.001923,0.000385,ok,ok
0782,vrus,bicycle,0.752553,15,8.153606,1.630721,ok,ok
0785,vrus,person,14.243807,5,7.009298,1.40186,ok,ok
0786,vrus,person,2.287178,11,7.201876,1.440375,ok,ok
0787,vrus,person,11.29369,10,5.746783,1.149357,ok,ok
0788,vehicles,car,5.866801,10,8.752025,1.750405,ok,ok
0789,vehicles,car,6.776535,12,7.038821,1.407764,ok,ok
0790,vrus,person,5.537128,12,6.267284,1.253457,ok,ok
0791,vrus,person,2.093095,11,6.775512,1.447749,ok,ok
0793,vrus,scooter,3.164431,8,0.044493,0.008899,ok,ok
0794,vehicles,car,10.826409,5,6.757519,1.351504,ok,ok
0796,vrus,person,6.169214,10,4.064925,0.812985,ok,ok
0797,vehicles,car,8.363447,10,7.64995,1.52999,ok,ok
0800,vehicles,car,7.874531,14,0.459014,0.091803,ok,ok
0802,vehicles,car,4.621283,13,5.977676,1.195535,ok,ok
0807,vrus,person,5.217959,12,6.158517,1.231703,ok,ok
0808,vehicles,car,5.559918,8,7.873413,1.574683,ok,ok
0809,vrus,bicycle,3.619574,9,8.039478,1.607896,ok,ok
0811,vrus,person,1.027541,9,5.092966,1.018593,ok,ok
0812,vrus,person,0.961517,9,4.557272,0.911454,ok,ok
0813,vrus,person,1.023834,9,4.614379,0.922876,ok,ok
0814,vrus,person,3.435298,9,6.588029,1.317606,ok,ok
0815,vrus,person,2.957468,12,6.323612,1.264722,ok,ok
0817,vrus,person,24.178284,8,0.193372,0.038674,ok,ok
0818,vrus,stroller,3.391298,5,1.239427,0.247885,ok,ok
0820,vehicles,car,8.823527,5,9.082484,1.816497,ok,ok
0821,vehicles,car,11.246764,4,4.975839,0.995168,ok,ok
0822,vrus,person,11.449857,9,0.047558,0.009512,ok,ok
0823,vrus,person,1.115098,9,4.805155,0.961031,ok,ok
0825,vrus,person,1.03952,10,0.859518,0.171904,ok,ok
0827,vrus,person,0.536232,9,7.830174,1.566035,ok,ok
0828,vrus,person,0.694153,9,7.768797,1.553759,ok,ok
0830,vehicles,car,12.453629,7,5.872158,1.174432,ok,ok
0831,vrus,person,11.819741,10,7.787417,1.557483,ok,ok
0832,vehicles,car,5.760944,7,7.785167,1.557033,ok,ok
0833,vrus,bicycle,16.692778,11,3.886825,0.777365,ok,ok
0837,vrus,stroller,0.575343,7,5.225372,1.045074,ok,ok
0843,vehicles,car,5.095093,11,0.032536,0.006507,ok,ok
0844,vrus,person,8.723865,7,5.510232,1.102046,ok,ok
0845,vehicles,car,12.854747,11,5.679212,1.135842,ok,ok
0846,vrus,person,5.051705,9,4.805235,0.961047,ok,ok
0849,vrus,person,0.146513,9,5.501585,1.100317,ok,ok
0850,vrus,person,1.70587,10,6.443976,1.288795,ok,ok
0851,vrus,person,0.331514,10,6.518226,1.303645,ok,ok
0852,vehicles,car,7.881347,15,5.983508,1.196702,ok,ok
0853,vehicles,car,13.244551,8,5.451066,1.090213,ok,ok
0855,vehicles,car,6.154248,7,5.160284,1.277295,ok,ok
0858,vrus,scooter,8.599818,6,6.362852,1.27257,ok,ok
0859,vrus,person,2.076697,12,1.908676,0.381735,ok,ok
0860,vrus,person,1.287898,5,2.171115,0.434223,ok,ok
0861,vrus,person,2.787014,7,3.027325,0.605465,ok,ok
0863,vrus,person,0.757253,9,7.124323,1.424865,ok,ok
0864,vrus,person,1.082557,7,7.049642,1.409928,ok,ok
0865,vehicles,car,10.461413,6,4.473884,0.894777,ok,ok
0866,vrus,person,0.982255,6,2.86546,0.573092,ok,ok
0867,vehicles,car,23.097041,9,0.319412,0.063882,ok,ok
0868,vrus,person,6.382447,4,8.370609,1.674122,ok,ok
0872,vehicles,car,7.405919,6,5.399671,1.079934,ok,ok
0879,vrus,bicycle,11.657572,3,1.148477,0.229695,ok,ok
0885,vrus,person,12.299163,9,0.124046,0.024809,ok,ok
0886,vrus,person,0.662846,5,7.740462,1.548092,ok,ok
0887,vehicles,truck,7.161742,8,0.342364,0.068473,ok,ok
0888,vehicles,car,4.240211,10,0.382551,0.07651,ok,ok
0889,vrus,person,8.521347,4,3.403483,0.680697,ok,ok
0890,vehicles,car,10.100806,5,0.13436,0.026872,ok,ok
0891,vrus,person,4.164541,11,5.688968,1.137794,ok,ok
0892,vrus,person,3.695325,3,6.158048,1.23161,ok,ok
0893,vrus,person,0.591427,8,0.592199,0.11844,ok,ok
0894,vrus,person,2.850604,14,6.070488,1.214098,ok,ok
0897,vrus,person,4.788622,7,6.186235,1.516239,ok,ok
0899,vrus,person,8.000581,5,5.400152,1.08003,ok,ok
0901,vrus,bicycle,15.840902,10,3.918207,0.783641,ok,ok
0903,vehicles,car,10.366611,6,6.789401,1.450731,ok,ok
0906,vehicles,car,6.694551,6,4.881741,0.976348,ok,ok
0910,vehicles,car,12.822283,2,1.348521,0.269704,ok,ok
0911,vehicles,car,4.847057,8,7.849423,1.569885,ok,ok
0912,vehicles,car,10.154314,9,7.412696,1.482539,ok,ok
0919,vrus,person,0.770423,6,5.478091,1.095618,ok,ok
0920,vrus,person,0.455637,13,7.677556,1.535511,ok,ok
0921,vrus,person,1.840186,8,6.742751,1.34855,ok,ok
0922,vehicles,car,5.229924,9,8.515607,1.703121,ok,ok
0923,vrus,person,0.262406,13,7.728892,1.545778,ok,ok
0924,vrus,person,0.615809,4,5.705587,1.141117,ok,ok
0925,vehicles,car,5.600466,8,6.109784,1.221957,ok,ok
0926,vrus,person,0.135288,13,7.099694,1.419939,ok,ok
0927,vrus,person,0.162016,12,6.892788,1.378558,ok,ok
0932,vrus,person,2.934357,10,4.973882,0.994776,ok,ok
0933,vrus,person,0.30623,9,7.441728,1.488346,ok,ok
0934,vehicles,car,5.098577,10,0.023269,0.004654,ok,ok
0940,vehicles,car,7.059554,10,0.02201,0.004402,ok,ok
0941,vrus,person,0.169219,11,0.15057,0.030114,ok,ok
0942,vrus,person,5.715593,6,3.846236,0.769247,ok,ok
0944,vrus,person,0.124699,11,0.066071,0.013214,ok,ok
0946,vrus,person,2.388317,11,6.205509,1.241102,ok,ok
0947,vrus,person,1.303555,8,2.902411,0.678133,ok,ok
0950,vehicles,car,18.234887,3,7.597473,1.519495,ok,ok
0951,vrus,bicycle,6.070736,9,6.810592,1.362118,ok,ok
0955,vehicles,car,16.33517,5,0.946785,0.189357,ok,ok
0958,vrus,bicycle,2.062341,8,7.104084,1.420817,ok,ok
0959,vehicles,car,8.295355,8,1.183549,0.23671,ok,ok
0960,vehicles,car,5.912178,9,6.62267,1.324534,ok,ok
0961,vehicles,car,9.330536,9,2.516095,0.503219,ok,ok
0963,vehicles,car,15.997115,6,2.603576,0.529184,ok,ok
0966,vehicles,car,14.534379,8,0.037237,0.007447,ok,ok
0967,vrus,person,17.720816,4,6.421797,1.284359,ok,ok
0968,vrus,person,2.092174,4,6.32344,1.264688,ok,ok
0969,vehicles,car,4.826348,15,0.2974,0.05948,ok,ok
0970,vehicles,car,6.51415,6,6.442998,1.2886,ok,ok
0972,vrus,bicycle,12.234903,11,0.084155,0.016831,ok,ok
0973,vehicles,car,6.693879,13,0.033007,0.006601,ok,ok
0974,vrus,motorcycle,10.229819,5,5.7116,1.14232,ok,ok
0976,vrus,person,0.12941,11,5.852042,1.170408,ok,ok
0979,vrus,person,6.208161,11,8.529541,1.705908,ok,ok
0982,vrus,person,0.886197,8,6.378374,1.275675,ok,ok
0985,vrus,bicycle,1.59558,6,0.068825,0.013765,ok,ok
0988,vehicles,car,10.75895,12,6.674889,1.334978,ok,ok
0990,vrus,person,11.356193,11,6.185792,1.237158,ok,ok
0991,vrus,person,8.643528,5,10.70007,2.140014,ok,ok
0995,vehicles,car,9.808016,11,7.724122,1.544824,ok,ok
0996,vehicles,car,10.353674,5,8.142927,1.628585,ok,ok
0997,vehicles,car,5.102577,15,8.769997,1.753999,ok,ok
0998,vrus,bicycle,10.346519,10,6.933396,1.386679,ok,ok
1007,vehicles,car,8.753013,13,0.069224,0.013845,ok,ok
1009,vrus,scooter,8.158129,6,7.036656,1.407331,ok,ok
1011,vrus,scooter,13.39692,8,5.998308,1.199662,ok,ok
1013,vrus,person,3.497839,12,5.379353,1.075871,ok,ok
1020,vrus,person,1.485263,5,0.344569,0.068914,ok,ok
1021,vrus,person,1.488718,7,0.041238,0.008248,ok,ok
1022,vrus,person,0.694438,7,7.087811,1.417562,ok,ok
1023,vrus,person,8.888859,10,0.895528,0.179106,ok,ok
1024,vrus,person,0.415369,7,1.612168,0.322434,ok,ok
1025,vehicles,car,30.246727,4,5.661743,1.132349,ok,ok
1026,vrus,person,0.669956,10,6.930226,1.386045,ok,ok
1032,vrus,person,0.646221,8,0.103047,0.020609,ok,ok
1033,vehicles,car,14.489359,8,0.053003,0.010601,ok,ok
1034,vrus,person,0.840136,9,0.049163,0.009833,ok,ok
1037,vrus,person,0.800134,14,1.530509,0.306102,ok,ok
1040,vrus,person,0.887923,10,0.312011,0.062905,ok,ok
1041,vrus,person,0.827924,10,0.282598,0.056976,ok,ok
1044,vrus,bicycle,17.188209,3,2.851842,0.570368,ok,ok
1045,vehicles,car,7.352922,6,0.130005,0.026001,ok,ok
1046,vrus,person,7.564689,8,0.139348,0.02787,ok,ok
1047,vehicles,car,5.828048,9,11.247108,2.249422,ok,ok
1053,vehicles,car,11.731104,4,0.359353,0.071871,ok,ok
1054,vrus,person,7.549059,9,4.930933,0.986187,ok,ok
1055,vrus,person,4.496735,8,11.692433,2.338487,ok,ok
1056,vrus,person,17.580156,9,4.945006,0.989001,ok,ok
1057,vehicles,truck,19.303734,6,0.01564,0.003128,ok,ok
1059,vrus,person,0.830646,4,1.118872,0.223774,ok,ok
1060,vrus,person,0.571342,4,0.022496,0.004499,ok,ok
1061,vrus,person,0.660601,10,5.257532,1.051506,ok,ok
1062,vrus,person,0.540673,6,6.96667,1.393334,ok,ok
1067,vrus,person,3.55887,7,0.105001,0.021,ok,ok
1068,vrus,person,3.524389,8,0.275023,0.055005,ok,ok
1069,vrus,person,12.448472,7,0.021718,0.004344,ok,ok
1070,vrus,person,2.546382,6,6.479801,1.29596,ok,ok
1071,vrus,person,0.12485,6,7.578804,1.515761,ok,ok
1072,vehicles,car,15.431417,6,7.081458,1.416292,ok,ok
1073,vrus,person,0.188524,6,7.407263,1.481453,ok,ok
1075,vehicles,car,13.604896,5,4.914664,0.982933,ok,ok
1076,vrus,person,0.733605,6,4.251566,0.850313,ok,ok
1077,vrus,person,0.643423,11,5.477274,1.095455,ok,ok
1078,vehicles,car,8.033218,9,9.330363,1.866073,ok,ok
1079,vrus,person,4.638894,4,6.817039,1.363408,ok,ok
1080,vrus,person,14.934644,5,8.058727,1.611745,ok,ok
1081,vrus,person,9.502068,3,6.218295,1.243659,ok,ok
1082,vrus,person,0.629067,12,4.829476,0.965895,ok,ok
1083,vrus,person,23.580106,4,5.123529,1.024706,ok,ok
1084,vrus,person,1.105514,9,5.5871,1.11742,ok,ok
1085,vehicles,car,6.839911,5,6.06137,1.212274,ok,ok
1087,vrus,person,3.334334,10,4.583506,0.916701,ok,ok
1090,vrus,person,3.131306,10,5.429009,1.085802,ok,ok
1093,vrus,person,20.652419,8,5.897799,1.365228,ok,ok
1095,vehicles,car,16.132818,6,0.996958,0.199392,ok,ok
1096,vehicles,car,15.697603,6,5.780249,1.15605,ok,ok
1100,vehicles,car,21.368772,7,0.945661,0.189132,ok,ok
1101,vehicles,car,11.100161,6,6.400542,1.280108,ok,ok
1102,vrus,person,6.648061,6,6.904058,1.380812,ok,ok
1103,vehicles,car,8.287384,13,5.310136,1.062027,ok,ok
1104,vrus,person,3.785753,8,6.096161,1.219232,ok,ok
1105,vrus,person,6.911103,8,5.702699,1.14054,ok,ok
1109,vrus,bicycle,7.899408,6,0.408434,0.081687,ok,ok
1117,vehicles,car,15.200601,3,0.025861,0.005172,ok,ok
1118,vrus,person,5.326258,4,6.859409,1.371882,ok,ok
1120,vehicles,truck,19.654831,4,8.263586,1.652717,ok,ok
1121,vrus,person,25.028729,4,5.875462,1.175092,ok,ok
1129,vrus,person,9.576989,11,7.093689,1.418738,ok,ok
1131,vrus,person,4.086049,12,2.797709,0.559542,ok,ok
1132,vrus,person,1.817723,4,6.260321,1.252064,ok,ok
1134,vehicles,car,9.718571,14,7.837231,1.567446,ok,ok
1146,vehicles,car,11.879192,11,0.025978,0.005196,ok,ok
1147,vrus,person,5.152854,5,0.025276,0.005055,ok,ok
1149,vrus,person,3.656965,13,1.443198,0.28864,ok,ok
1150,vrus,person,0.906753,8,5.21823,1.043646,ok,ok
1151,vrus,person,4.360261,9,7.843235,1.568647,ok,ok
1153,vrus,person,0.453441,3,7.248461,1.449692,ok,ok
1154,vrus,person,0.986203,8,5.570658,1.114132,ok,ok
1155,vrus,person,0.38455,3,7.027182,1.405436,ok,ok
1159,vehicles,car,3.494568,12,7.600786,1.520157,ok,ok
1160,vrus,person,1.482407,12,7.028239,1.405648,ok,ok
1161,vrus,person,1.376608,12,8.994759,1.798952,ok,ok
1162,vrus,person,7.260213,12,7.869446,1.573889,ok,ok
1165,vehicles,car,11.439874,9,0.67627,0.135254,ok,ok
1166,vehicles,car,17.309228,6,1.266648,0.25333,ok,ok
1167,vrus,bicycle,1.926315,6,5.911323,1.182265,ok,ok
1172,vrus,person,2.778753,11,0.021102,0.00422,ok,ok
1173,vrus,person,2.771375,10,0.037801,0.00756,ok,ok
1174,vrus,person,16.274645,9,7.749072,1.549814,ok,ok
1175,vehicles,truck,11.457007,9,8.313821,1.662764,ok,ok
1176,vrus,person,0.419299,10,8.694698,1.73894,ok,ok
1178,vehicles,car,10.529172,10,5.945499,1.1891,ok,ok
1182,vrus,person,0.859555,5,6.902927,1.380585,ok,ok
1184,vrus,person,1.35982,7,6.775255,1.355051,ok,ok
1186,vrus,bicycle,4.145082,9,1.000763,0.238276,ok,ok
1193,vehicles,car,8.812636,8,5.533685,1.106737,ok,ok
1202,vehicles,car,12.053001,6,0.045007,0.009001,ok,ok
1214,vrus,person,0.297334,6,0.116307,0.023261,ok,ok
1216,vrus,person,0.053115,9,7.473962,1.494792,ok,ok
1217,vrus,person,0.63039,10,7.039255,1.407851,ok,ok
1218,vrus,person,0.320537,7,0.50807,0.101614,ok,ok
1219,vrus,person,0.678013,6,0.677572,0.135514,ok,ok
1225,vehicles,car,12.557418,7,0.350208,0.070042,ok,ok
1226,vrus,person,4.479051,8,5.015684,1.003137,ok,ok
1227,vrus,person,1.777018,9,8.495901,1.69918,ok,ok
1228,vrus,person,5.398033,6,4.881973,0.976395,ok,ok
1229,vrus,person,7.740358,6,5.404084,1.080817,ok,ok
1230,vrus,person,8.484643,6,6.029172,1.205834,ok,ok
1231,vehicles,car,8.37956,6,7.05132,1.410264,ok,ok
1232,vrus,person,18.64039,5,7.856378,1.571276,ok,ok
1234,vrus,person,19.399855,5,0.862027,0.172405,ok,ok
1235,vrus,person,12.314835,3,0.23112,0.046224,ok,ok
1236,vehicles,car,9.528018,4,9.058841,1.811768,ok,ok
1237,vehicles,car,13.996594,8,5.228782,1.045756,ok,ok
1239,vehicles,car,9.723647,6,8.603382,1.720676,ok,ok
1240,vehicles,car,7.293976,9,5.780911,1.156182,ok,ok
1242,vrus,person,0.534705,9,4.926403,0.985281,ok,ok
1243,vrus,person,6.161874,6,0.064118,0.012824,ok,ok
1244,vrus,person,5.687582,10,5.835377,1.167075,ok,ok
1245,vrus,person,5.069966,12,6.070241,1.214048,ok,ok
1248,vrus,person,0.596363,9,4.351385,0.870277,ok,ok
1249,vehicles,car,4.876409,13,7.088227,1.417645,ok,ok
1250,vehicles,truck,7.851194,11,6.601978,1.320396,ok,ok
1251,vrus,person,0.696144,10,2.309302,0.539552,ok,ok
1253,vrus,person,3.47529,11,0.034636,0.006927,ok,ok
1254,vrus,person,1.100162,12,0.281903,0.056381,ok,ok
1255,vrus,person,1.11564,12,5.011926,1.002385,ok,ok
1256,vrus,person,4.953534,11,6.438135,1.287627,ok,ok
1258,vehicles,car,19.857815,6,1.57883,0.315766,ok,ok
1259,vrus,person,12.654373,13,1.054088,0.210818,ok,ok
1264,vehicles,car,4.506422,6,8.249524,1.649905,ok,ok
1265,vehicles,car,6.500217,5,5.669889,1.133978,ok,ok
1267,vehicles,car,15.633562,10,6.549486,1.309897,ok,ok
1268,vehicles,car,9.800197,11,7.673776,1.534755,ok,ok
1273,vehicles,car,13.100606,15,1.926029,0.385206,ok,ok
1283,vrus,person,7.691778,15,0.102706,0.020541,ok,ok
1284,vrus,person,6.340624,14,7.276765,1.455353,ok,ok
1286,vehicles,car,9.431138,6,8.4592,1.69184,ok,ok
1288,vrus,scooter,5.216139,15,5.348429,1.069686,ok,ok
1290,vehicles,car,4.389916,11,7.233746,1.446749,ok,ok
1291,vehicles,car,8.812317,15,9.601596,1.920319,ok,ok
1293,vrus,person,1.83442,10,6.464101,1.29282,ok,ok
1300,vehicles,car,7.565,10,4.420293,0.884059,ok,ok
1301,vrus,person,1.348538,7,8.118651,1.62373,ok,ok
1302,vrus,person,6.363069,8,7.266607,1.453321,ok,ok
1303,vehicles,car,8.55452,13,7.317612,1.463522,ok,ok
1304,vrus,person,10.733862,14,5.140944,1.028189,ok,ok
1305,vehicles,car,11.883899,11,0.21074,0.042148,ok,ok
1306,vrus,person,0.917585,10,4.631013,0.926203,ok,ok
1308,vehicles,car,7.716543,15,1.189728,0.245812,ok,ok
1309,vrus,person,14.14561,11,6.968071,1.569398,ok,ok
1310,vrus,person,5.713026,10,6.201514,1.490747,ok,ok
1312,vehicles,car,15.132163,15,0.235379,0.047076,ok,ok
1313,vehicles,car,10.574959,9,6.583829,1.316766,ok,ok
1314,vrus,bicycle,2.487336,12,7.500385,1.500077,ok,ok
1315,vrus,person,5.203504,15,0.653018,0.130604,ok,ok
1316,vehicles,car,7.08645,15,6.886659,1.377332,ok,ok
1317,vehicles,truck,6.344447,15,0.153362,0.030672,ok,ok
1318,vehicles,car,6.522083,14,6.239525,1.28916,ok,ok
1320,vrus,person,0.750662,9,0.025217,0.005043,ok,ok
1321,vrus,person,0.870664,9,0.085241,0.017048,ok,ok
1322,vrus,person,1.423992,13,7.762975,1.552595,ok,ok
1324,vrus,person,0.713307,15,0.01932,0.003864,ok,ok
1327,vehicles,car,13.039032,5,4.130614,0.86778,ok,ok
1328,vrus,person,2.433735,6,0.037671,0.007534,ok,ok
1329,vrus,person,2.393654,10,0.033576,0.006715,ok,ok
1330,vrus,person,1.741533,10,7.35573,1.471146,ok,ok
1332,vrus,person,6.158333,12,6.692491,1.338498,ok,ok
1333,vrus,person,1.098999,8,4.296145,0.859229,ok,ok
1334,vrus,person,1.60113,8,4.339853,0.867971,ok,ok
1338,vehicles,car,17.095992,7,0.209838,0.041968,ok,ok
1339,vrus,person,1.642802,12,4.583559,0.916712,ok,ok
1341,vrus,person,1.835303,12,1.405757,0.281151,ok,ok
1342,vehicles,car,11.426959,13,3.03619,0.607238,ok,ok
1343,vrus,person,0.466133,11,7.655101,1.53102,ok,ok
1344,vehicles,car,12.230088,13,7.002128,1.400426,ok,ok
1345,vehicles,car,13.935561,11,6.801899,1.36038,ok,ok
1346,vrus,person,0.567039,13,8.129553,1.625911,ok,ok
1348,vehicles,car,4.62066,12,0.009149,0.00183,ok,ok
1349,vehicles,car,10.061055,8,5.631981,1.126396,ok,ok
1351,vrus,bicycle,1.927274,12,2.540112,0.508022,ok,ok
1353,vehicles,car,7.579307,6,5.171245,1.034249,ok,ok
1354,vrus,person,4.708353,4,5.145031,1.029006,ok,ok
1356,vehicles,car,9.097923,15,0.1254,0.02508,ok,ok
1358,vehicles,car,3.240967,9,0.009823,0.001965,ok,ok
1359,vrus,person,1.548961,3,0.035094,0.007019,ok,ok
1362,vehicles,car,11.080366,13,0.637364,0.127473,ok,ok
1363,vehicles,car,4.87895,5,0.001975,0.000395,ok,ok
1364,vehicles,car,14.830066,14,1.830632,0.366126,ok,ok
1365,vehicles,car,9.101457,10,7.571189,1.514238,ok,ok
1366,vehicles,car,11.830221,8,4.983928,0.996786,ok,ok
1368,vehicles,car,4.905837,9,7.910947,1.582189,ok,ok
1371,vehicles,car,13.503959,6,0.860443,0.172089,ok,ok
1372,vrus,person,0.315768,6,0.009769,0.001954,ok,ok
1373,vrus,person,18.327225,5,2.191803,0.438361,ok,ok
1374,vrus,person,0.55696,10,8.277426,1.655485,ok,ok
1375,vrus,person,0.577204,8,5.357116,1.071423,ok,ok
1376,vrus,person,0.547132,7,7.839701,1.56794,ok,ok
1377,vrus,person,4.23773,9,6.1339,1.406865,ok,ok
1378,vrus,person,10.305183,5,0.858483,0.171697,ok,ok
1379,vrus,person,11.018825,4,0.126759,0.025352,ok,ok
1382,vrus,person,0.954384,6,0.029715,0.005943,ok,ok
1383,vrus,person,1.345923,9,0.004792,0.000958,ok,ok
1389,vehicles,truck,16.502184,7,0.013848,0.00277,ok,ok
1390,vehicles,car,16.667259,5,3.167536,0.633507,ok,ok
1391,vrus,person,3.594017,5,0.335943,0.067189,ok,ok
1392,vehicles,car,8.2581,9,4.707811,0.941562,ok,ok
1393,vehicles,car,3.803786,10,7.161842,1.432368,ok,ok
1394,vrus,person,5.784567,4,0.442534,0.088507,ok,ok
1395,vehicles,car,6.028843,7,9.270593,1.854119,ok,ok
1396,vehicles,car,6.105408,8,0.806121,0.161224,ok,ok
1398,vrus,person,0.57402,5,4.132576,0.826515,ok,ok
1399,vehicles,car,12.342703,9,0.005419,0.001084,ok,ok
1400,vrus,person,4.911609,8,0.955189,0.191038,ok,ok
1401,vrus,person,3.05719,5,4.06435,0.81287,ok,ok
1402,vrus,bicycle,8.362661,3,7.195538,1.439108,ok,ok
1403,vrus,person,5.841349,2,5.980726,1.196145,ok,ok
1404,vrus,person,22.115057,12,8.920488,1.784098,ok,ok
1405,vehicles,truck,6.811543,11,6.468274,1.293655,ok,ok
1407,vrus,person,13.335043,4,5.325894,1.065179,ok,ok
1409,vrus,person,1.248035,4,1.312052,0.328013,ok,ok
1410,vrus,person,0.713489,7,0.190547,0.038109,ok,ok
1411,vehicles,car,7.196125,15,0.015236,0.003047,ok,ok
1412,vrus,person,0.513594,13,0.021646,0.004329,ok,ok
1413,vrus,person,2.311958,3,7.209335,1.441867,ok,ok
1414,vrus,person,0.478253,10,0.02626,0.005252,ok,ok
1415,vrus,person,0.897688,6,0.267272,0.053454,ok,ok
1416,vehicles,truck,14.646155,10,6.131642,1.226328,ok,ok
1417,vehicles,truck,10.41563,11,7.730774,1.546155,ok,ok
1418,vrus,person,14.944442,5,5.193153,1.038631,ok,ok
1419,vrus,person,0.72897,8,9.222276,1.844455,ok,ok
1420,vrus,person,0.390003,13,0.319812,0.063962,ok,ok
1421,vrus,person,0.548749,12,5.130709,1.026142,ok,ok
1422,vrus,person,1.074589,10,0.023159,0.004632,ok,ok
1423,vrus,person,0.824454,9,7.203602,1.44072,ok,ok
1425,vrus,person,0.728504,13,5.166845,1.033369,ok,ok
1426,vehicles,car,13.039586,9,4.524085,1.009836,ok,ok
1428,vehicles,car,4.188117,13,0.057685,0.011537,ok,ok
1429,vehicles,car,19.579101,8,0.574132,0.114826,ok,ok
1430,vrus,person,2.744913,5,0.051893,0.010379,ok,ok
1431,vrus,person,5.122439,10,6.209023,1.241805,ok,ok
1432,vrus,person,0.08667,11,7.138948,1.42779,ok,ok
1433,vrus,person,20.053772,5,9.527134,1.905427,ok,ok
1434,vrus,person,0.413897,6,5.188928,1.037786,ok,ok
1435,vrus,person,1.44733,9,14.349059,2.869812,ok,ok
1437,vrus,person,0.680977,8,5.767618,1.2324,ok,ok
1438,vehicles,car,8.623815,11,0.384784,0.076957,ok,ok
1439,vehicles,car,1.050096,11,7.94962,1.589924,ok,ok
1441,vehicles,car,0.229324,11,7.129356,1.425871,ok,ok
1442,vrus,person,10.352697,11,8.940773,1.788155,ok,ok
1443,vehicles,car,0.243208,12,6.962767,1.392553,ok,ok
1444,vrus,person,1.286942,9,2.389733,0.477947,ok,ok
1446,vrus,bicycle,1.629125,5,3.903258,0.780652,ok,ok
1448,vrus,person,5.590325,9,4.685918,0.937184,ok,ok
1449,vrus,person,0.511569,8,6.714392,1.342878,ok,ok
1450,vrus,bicycle,16.306726,15,7.381924,1.476385,ok,ok
1452,vehicles,car,15.839161,9,5.242524,1.048505,ok,ok
1454,vrus,person,2.334003,12,0.011289,0.002258,ok,ok
1455,vrus,person,2.405578,13,0.016705,0.003341,ok,ok
1456,vrus,person,0.480631,10,2.912886,0.582577,ok,ok
1457,vrus,person,2.288397,9,7.28781,1.457562,ok,ok
1458,vehicles,car,4.974396,11,8.420447,1.684089,ok,ok
1459,vrus,person,0.434703,14,7.14254,1.428508,ok,ok
1460,vehicles,car,4.738561,15,5.877004,1.175401,ok,ok
1461,vehicles,car,13.905435,7,0.394952,0.07899,ok,ok
1462,vrus,person,5.794465,9,6.213574,1.242715,ok,ok
1463,vrus,person,0.548481,12,0.754241,0.150848,ok,ok
1464,vrus,person,5.125721,11,7.315054,1.463011,ok,ok
1465,vrus,person,5.127776,15,5.26925,1.05385,ok,ok
1466,vrus,person,1.279863,15,7.212241,1.442448,ok,ok
1467,vrus,person,20.590381,9,5.25497,1.050994,ok,ok
1468,vrus,person,0.678865,15,7.177956,1.470892,ok,ok
1469,vrus,person,0.94923,15,6.430812,1.36247,ok,ok
1470,vrus,person,20.76467,10,5.228557,1.233143,ok,ok
1475,vrus,person,0.189818,4,0.087619,0.017524,ok,ok
1477,vehicles,car,16.561092,13,0.180467,0.036093,ok,ok
1478,vehicles,car,16.492104,7,0.10707,0.021414,ok,ok
1479,vehicles,car,17.289686,7,6.675348,1.33507,ok,ok
1480,vrus,person,0.051043,11,8.251033,1.650207,ok,ok
1481,vehicles,car,12.113619,10,7.124351,1.42487,ok,ok
1485,vrus,stroller,6.308368,7,6.320314,1.264063,ok,ok
1486,vrus,person,9.275567,13,8.27902,1.655804,ok,ok
1488,vehicles,car,6.202126,9,6.158737,1.387091,ok,ok
1493,vrus,stroller,1.137155,11,0.037802,0.00756,ok,ok
1494,vehicles,car,9.973091,11,6.272733,1.254547,ok,ok
1495,vehicles,car,6.890491,12,6.463594,1.292719,ok,ok
1498,vrus,person,0.427134,11,0.16884,0.033768,ok,ok
1499,vrus,stroller,4.570257,11,9.122745,1.824549,ok,ok
1500,vrus,person,2.239027,12,0.084533,0.016907,ok,ok
1501,vrus,person,1.82085,12,0.147486,0.029497,ok,ok
1502,vrus,bicycle,34.292864,6,4.876786,1.078939,ok,ok
1504,vrus,person,1.073938,15,0.074694,0.014939,ok,ok
1505,vrus,person,1.205037,15,0.03785,0.00757,ok,ok
1506,vrus,person,1.185872,14,0.056728,0.011346,ok,ok
1507,vrus,person,1.349386,15,0.064217,0.012843,ok,ok
1508,vrus,person,1.030077,15,0.06212,0.012424,ok,ok
1509,vehicles,car,8.946919,8,0.006817,0.001363,ok,ok
1510,vrus,person,1.567309,9,0.366,0.0732,ok,ok
1511,vehicles,car,8.527868,13,0.23728,0.047456,ok,ok
1512,vrus,person,0.563512,15,6.368799,1.27376,ok,ok
1513,vehicles,car,9.054605,14,1.782975,0.356595,ok,ok
1515,vrus,person,1.423898,14,0.060915,0.012183,ok,ok
1516,vrus,person,0.706466,12,3.382167,0.676433,ok,ok
1517,vrus,person,1.599094,15,5.722935,1.144587,ok,ok
1519,vehicles,car,8.394571,15,8.334196,1.666839,ok,ok
1521,vehicles,car,6.625636,15,1.82955,0.36591,ok,ok
1522,vehicles,car,8.666694,15,5.619364,1.151508,ok,ok
1524,vehicles,car,13.670391,13,2.769509,0.596874,ok,ok
1532,vrus,person,0.680572,12,0.268741,0.053748,ok,ok
1533,vehicles,car,14.463348,10,0.124376,0.024875,ok,ok
1534,vrus,person,0.291585,12,0.224296,0.044859,ok,ok
1535,vrus,person,0.301325,15,6.353195,1.270639,ok,ok
1536,vrus,person,2.441865,15,7.332284,1.466457,ok,ok
1537,vrus,person,0.495203,15,6.721059,1.344212,ok,ok
1538,vrus,person,1.591969,15,5.557875,1.111575,ok,ok
1539,vrus,person,0.626652,15,7.410467,1.494048,ok,ok
1543,vrus,bicycle,2.926677,15,0.037537,0.007507,ok,ok
1545,vrus,bicycle,4.377147,12,7.947859,1.589572,ok,ok
1546,vrus,bicycle,2.460346,12,6.343553,1.268711,ok,ok
1547,vrus,person,0.492024,14,7.789795,1.557959,ok,ok
1548,vehicles,car,6.534576,13,5.212084,1.042417,ok,ok
1549,vrus,person,0.590818,11,7.145151,1.42903,ok,ok
1550,vrus,person,0.768427,11,7.528988,1.505798,ok,ok
1552,vrus,person,0.68677,9,7.735955,1.547191,ok,ok
1553,vrus,person,1.099022,12,7.924774,1.584955,ok,ok
1555,vehicles,car,10.077759,15,0.387846,0.091473,ok,ok
1559,vrus,bicycle,4.074271,8,6.340634,1.268127,ok,ok
1561,vehicles,truck,8.092108,12,6.95009,1.390018,ok,ok
1562,vrus,motorcycle,7.075242,6,5.794683,1.158937,ok,ok
1563,vehicles,car,5.147268,6,5.85714,1.171428,ok,ok
1564,vehicles,car,11.345168,9,6.243739,1.248748,ok,ok
1566,vrus,person,0.24749,12,0.043919,0.008784,ok,ok
1567,vehicles,car,11.527189,12,0.018107,0.003621,ok,ok
1568,vrus,person,0.824176,14,0.076979,0.015396,ok,ok
1569,vehicles,car,3.294048,15,0.166523,0.033305,ok,ok
1570,vrus,person,1.18472,10,0.876566,0.175313,ok,ok
1571,vrus,person,0.233207,7,7.506138,1.501228,ok,ok
1572,vrus,person,2.944284,13,6.496478,1.299296,ok,ok
1573,vrus,person,0.44295,15,6.650026,1.330005,ok,ok
1575,vrus,person,0.066672,13,7.156622,1.431324,ok,ok
1576,vrus,person,1.96885,14,0.086325,0.017265,ok,ok
1577,vrus,person,7.225285,15,7.433285,1.486657,ok,ok
1578,vrus,person,0.900724,12,0.00815,0.00163,ok,ok
1579,vrus,person,6.940168,12,9.450845,1.890169,ok,ok
1580,vehicles,car,11.437621,12,6.715161,1.343032,ok,ok
1581,vehicles,car,17.665961,9,8.087096,1.617419,ok,ok
1582,vrus,person,0.532585,12,3.737789,0.747558,ok,ok
1583,vrus,person,7.614455,15,2.454268,0.490854,ok,ok
1584,vrus,person,0.692741,13,6.962819,1.392564,ok,ok
1585,vrus,person,0.87656,12,6.691518,1.338304,ok,ok
1586,vrus,person,0.548796,12,6.832509,1.366502,ok,ok
1588,vrus,person,0.572111,11,1.310833,0.262167,ok,ok
1590,vehicles,car,22.574643,9,0.091567,0.018919,ok,ok
1591,vehicles,car,5.373436,15,4.863088,1.125715,ok,ok
1592,vehicles,car,8.840651,12,5.096655,1.190807,ok,ok
1593,vehicles,car,12.658335,14,6.803896,1.700974,ok,ok
1594,vrus,person,12.925208,13,5.492596,1.373149,ok,ok
1596,vrus,person,2.710672,13,0.384357,0.076871,ok,ok
1597,vehicles,car,4.221422,14,9.261247,1.852249,ok,ok
1598,vrus,bicycle,2.343126,11,0.029591,0.005918,ok,ok
1599,vrus,person,7.98011,13,8.99442,1.798884,ok,ok
1600,vrus,person,3.990388,11,7.95526,1.591052,ok,ok
1602,vrus,person,1.742635,15,7.253945,1.450789,ok,ok
1603,vrus,person,2.066297,10,0.004863,0.000973,ok,ok
1604,vehicles,car,7.674798,11,7.862669,1.572534,ok,ok
1605,vehicles,car,5.79619,12,6.955493,1.391099,ok,ok
1606,vrus,person,21.317653,8,6.889572,1.377914,ok,ok
1607,vrus,person,3.363877,11,0.027234,0.005447,ok,ok
1609,vrus,person,1.948361,13,0.489116,0.097823,ok,ok
1610,vehicles,car,13.586794,8,0.053085,0.010617,ok,ok
1611,vrus,person,1.750301,13,0.136703,0.027341,ok,ok
1612,vehicles,car,5.198623,15,2.41911,0.483822,ok,ok
1613,vrus,bicycle,1.905672,15,6.117498,1.2235,ok,ok
1614,vrus,person,3.775638,12,0.121045,0.024209,ok,ok
1615,vrus,person,20.818133,8,2.092052,0.41841,ok,ok
1617,vrus,bicycle,3.182591,15,4.600208,0.920042,ok,ok
1618,vrus,person,6.654062,15,7.294009,1.458802,ok,ok
1619,vrus,bicycle,1.822762,15,0.321122,0.064224,ok,ok
1620,vrus,person,0.732249,15,0.561889,0.112378,ok,ok
1621,vrus,person,6.567146,10,7.255499,1.4511,ok,ok
1624,vrus,person,2.803963,15,3.56316,0.712632,ok,ok
1625,vehicles,car,4.961115,15,3.213825,0.642765,ok,ok
1626,vehicles,car,10.291692,15,8.009926,1.601985,ok,ok
1628,vrus,person,11.564848,15,6.03148,1.206296,ok,ok
1632,vehicles,car,6.40163,13,0.014426,0.002885,ok,ok
1633,vrus,person,2.654828,13,0.009591,0.001918,ok,ok
1634,vrus,person,2.150721,11,3.053195,0.610639,ok,ok
1635,vrus,person,4.276478,14,7.326072,1.465214,ok,ok
1636,vrus,person,5.841121,12,8.123771,1.624754,ok,ok
1637,vehicles,car,5.586154,15,0.273283,0.054657,ok,ok
1638,vehicles,car,15.539093,12,5.528284,1.105657,ok,ok
1639,vrus,person,0.477772,15,5.648131,1.129626,ok,ok
1641,vrus,person,0.396172,15,5.212164,1.240991,ok,ok
1642,vehicles,car,9.05764,13,0.016341,0.003268,ok,ok
1643,vrus,person,1.282931,11,0.073595,0.014719,ok,ok
1645,vrus,person,0.963515,13,5.725188,1.145038,ok,ok
1646,vrus,person,0.885205,15,0.644792,0.128958,ok,ok
1647,vrus,bicycle,8.028088,15,7.237026,1.447405,ok,ok
1648,vrus,person,0.852035,14,7.917129,1.583426,ok,ok
1650,vrus,person,0.505123,11,7.301706,1.460341,ok,ok
1655,vrus,bicycle,3.537544,8,5.042318,1.008464,ok,ok
1656,vehicles,car,6.477174,11,0.008336,0.001667,ok,ok
1657,vrus,bicycle,2.439492,15,0.420504,0.084101,ok,ok
1659,vrus,bicycle,2.693937,10,7.716296,1.543259,ok,ok
1661,vehicles,car,5.44297,10,7.110127,1.422025,ok,ok
1662,vrus,person,4.321585,14,5.358509,1.071702,ok,ok
1663,vrus,person,4.729403,13,1.001403,0.200281,ok,ok
1664,vrus,person,2.651269,15,7.79781,1.559562,ok,ok
1666,vrus,person,1.613317,11,1.067064,0.213413,ok,ok
1667,vrus,person,0.652617,13,7.09518,1.419036,ok,ok
1668,vrus,person,0.229206,13,7.660125,1.532025,ok,ok
1669,vrus,person,1.209785,15,7.731457,1.546291,ok,ok
1670,vrus,person,6.489421,13,5.850184,1.170037,ok,ok
1671,vrus,person,7.544584,15,8.783,1.7566,ok,ok
1672,vrus,bicycle,2.218229,10,0.730734,0.146147,ok,ok
1674,vrus,person,0.606282,15,9.443197,1.888639,ok,ok
1676,vehicles,car,10.38412,15,7.912211,1.582442,ok,ok
1677,vrus,person,3.985285,13,4.903812,0.980762,ok,ok
1678,vrus,person,0.874598,12,4.720856,0.975383,ok,ok
1679,vrus,person,2.452114,15,5.929391,1.497321,ok,ok
1685,vrus,person,4.911082,11,1.621142,0.324228,ok,ok
1686,vehicles,car,7.295788,15,6.662923,1.332585,ok,ok
1687,vehicles,car,7.05476,15,7.051726,1.410345,ok,ok
1688,vehicles,car,4.458096,15,7.509378,1.501876,ok,ok
1689,vehicles,car,28.581646,7,0.050374,0.010075,ok,ok
1690,vrus,person,1.897657,15,6.961669,1.392334,ok,ok
1692,vrus,stroller,25.139607,4,8.945393,1.789079,ok,ok
1693,vehicles,car,7.802238,12,2.321788,0.547592,ok,ok
1694,vrus,person,2.689464,3,0.032881,0.006576,ok,ok
1695,vehicles,car,12.777749,4,0.030188,0.006038,ok,ok
1696,vrus,person,2.64114,3,1.258126,0.251625,ok,ok
1697,vehicles,car,6.259803,8,0.014252,0.00285,ok,ok
1698,vehicles,car,14.555299,5,1.163142,0.232628,ok,ok
1699,vrus,person,4.37458,12,7.963327,1.592665,ok,ok
1700,vrus,person,6.942599,7,7.828804,1.565761,ok,ok
1701,vrus,person,3.903094,15,6.896325,1.379265,ok,ok
1702,vehicles,car,7.280563,12,0.005487,0.001097,ok,ok
1703,vrus,person,3.705534,15,7.760214,1.552043,ok,ok
1705,vrus,person,20.281062,10,0.036541,0.007308,ok,ok
1708,vehicles,car,15.470675,5,4.806005,0.961201,ok,ok
1709,vehicles,truck,10.242642,6,5.717391,1.143478,ok,ok
1710,vrus,person,7.310375,7,6.737361,1.347472,ok,ok
1711,vehicles,truck,13.805343,8,5.752386,1.150477,ok,ok
1712,vehicles,car,6.283847,9,6.882326,1.376465,ok,ok
1714,vehicles,truck,11.009869,8,6.669871,1.401232,ok,ok
1715,vehicles,car,15.61574,4,5.384753,1.294424,ok,ok
1717,vrus,person,2.114412,13,0.005822,0.001164,ok,ok
1718,vrus,person,3.380187,13,6.864407,1.372881,ok,ok
1719,vehicles,car,11.713505,13,7.565624,1.513125,ok,ok
1720,vrus,person,2.180722,12,0.107602,0.02152,ok,ok
1721,vrus,person,2.095929,15,7.45449,1.490898,ok,ok
1722,vrus,person,1.576112,15,6.745849,1.34917,ok,ok
1723,vrus,person,0.579891,13,5.009155,1.001831,ok,ok
1724,vrus,person,1.657679,13,7.299265,1.459853,ok,ok
1725,vehicles,car,13.918055,12,9.284034,1.856807,ok,ok
1726,vrus,person,0.794052,13,0.041268,0.008254,ok,ok
1728,vrus,person,1.891354,13,6.498773,1.476994,ok,ok
1729,vrus,person,1.712754,12,4.402791,1.058362,ok,ok
1733,vehicles,car,5.600255,15,2.125559,0.425112,ok,ok
1734,vrus,person,0.80437,15,6.457885,1.291577,ok,ok
1735,vrus,person,1.336162,15,0.799889,0.159978,ok,ok
1736,vrus,person,1.185324,15,5.799523,1.159905,ok,ok
1737,vrus,bicycle,2.497538,15,0.079201,0.01584,ok,ok
1738,vrus,person,0.163587,15,7.317007,1.463401,ok,ok
1739,vrus,person,1.246078,15,7.062177,1.412435,ok,ok
1740,vrus,person,1.870665,15,8.042427,1.608485,ok,ok
1742,vrus,person,4.413449,15,5.310264,1.062053,ok,ok
1743,vrus,person,2.015884,15,6.869705,1.373941,ok,ok
1744,vrus,person,1.746602,15,7.686549,1.53731,ok,ok
1745,vrus,person,0.489329,15,3.915462,0.783092,ok,ok
1746,vehicles,car,16.624441,15,4.801594,1.121867,ok,ok
1748,vrus,person,0.271628,13,7.685347,1.537069,ok,ok
1749,vehicles,car,13.519952,15,0.488034,0.097607,ok,ok
1750,vehicles,car,3.944912,15,2.636796,0.527359,ok,ok
1751,vrus,person,0.202918,15,6.813726,1.362745,ok,ok
1752,vrus,person,2.229883,15,6.499606,1.299921,ok,ok
1753,vrus,person,0.395755,15,7.122231,1.424446,ok,ok
1754,vrus,person,5.16821,15,6.893835,1.378767,ok,ok
1756,vrus,person,0.595108,9,2.245243,0.449049,ok,ok
1757,vrus,person,0.451664,15,7.610219,1.522044,ok,ok
1758,vrus,person,0.242136,15,6.73953,1.347906,ok,ok
1759,vrus,person,0.543086,15,7.503319,1.500664,ok,ok
1760,vrus,person,3.176022,15,8.899072,1.779814,ok,ok
1761,vrus,person,0.588787,15,6.511013,1.302203,ok,ok
1762,vrus,person,0.556472,14,7.906674,1.581335,ok,ok
1763,vrus,person,0.527431,15,8.371673,1.674335,ok,ok
1764,vrus,person,0.498489,15,5.334519,1.066904,ok,ok
1766,vehicles,truck,9.897075,15,6.754376,1.350875,ok,ok
1769,vrus,person,0.580035,15,6.741889,1.348378,ok,ok
1770,vehicles,car,8.823029,15,7.604443,1.520889,ok,ok
1771,vehicles,car,10.978676,15,6.830726,1.366145,ok,ok
1772,vehicles,car,14.232235,15,3.363958,0.672792,ok,ok
1773,vehicles,car,8.776209,15,11.247922,2.249584,ok,ok
1774,vrus,person,0.588033,15,6.796397,1.359279,ok,ok
1775,vrus,person,0.473962,15,7.437591,1.487518,ok,ok
1776,vehicles,car,6.59731,13,7.759474,1.551895,ok,ok
1778,vrus,bicycle,2.004217,13,4.262284,0.852457,ok,ok
1779,vrus,person,8.747672,11,8.291706,1.658341,ok,ok
1780,vrus,person,1.61241,15,6.336735,1.267347,ok,ok
1781,vehicles,car,9.128755,14,8.771156,1.754231,ok,ok
1783,vrus,bicycle,1.810278,13,6.145927,1.229185,ok,ok
1784,vehicles,car,7.691897,13,6.996568,1.399314,ok,ok
1785,vrus,person,7.306453,8,6.392005,1.278401,ok,ok
1786,vrus,person,1.207459,7,1.776356,0.355271,ok,ok
1787,vrus,person,1.318439,6,0.946673,0.189335,ok,ok
1788,vehicles,car,5.3528,13,6.033591,1.206718,ok,ok
1789,vrus,person,0.576932,12,6.091021,1.324144,ok,ok
1790,vrus,person,9.60755,7,5.134939,1.156519,ok,ok
1793,vehicles,car,9.925844,11,0.013312,0.002662,ok,ok
1794,vehicles,truck,6.768199,11,5.909374,1.181875,ok,ok
1795,vehicles,car,9.745526,9,6.693478,1.338696,ok,ok
1796,vrus,person,0.645514,8,0.045312,0.009062,ok,ok
1798,vrus,person,5.293121,9,4.838255,0.967651,ok,ok
1799,vehicles,car,7.432601,12,7.464103,1.492821,ok,ok
1800,vehicles,car,3.709845,9,0.041848,0.00837,ok,ok
1801,vrus,person,1.870368,9,0.008881,0.001776,ok,ok
1802,vrus,person,2.039015,9,4.204743,0.840949,ok,ok
1803,vrus,person,1.799013,9,0.197251,0.03945,ok,ok
1804,vrus,person,2.142845,9,6.004658,1.200932,ok,ok
1805,vrus,person,1.636683,14,0.134069,0.026814,ok,ok
1806,vehicles,car,4.798983,14,0.054033,0.010807,ok,ok
1807,vrus,person,2.306727,14,4.668257,0.933651,ok,ok
1808,vehicles,car,7.799743,14,0.732875,0.146575,ok,ok
1809,vehicles,car,12.954345,9,7.479704,1.495941,ok,ok
1810,vehicles,car,10.839019,14,5.467784,1.093557,ok,ok
1812,vrus,person,2.076411,9,6.210399,1.24208,ok,ok
1813,vrus,person,2.690488,9,8.347987,1.669597,ok,ok
1814,vrus,person,14.376995,14,5.295839,1.059168,ok,ok
1815,vehicles,car,14.414235,11,5.188151,1.03763,ok,ok
1816,vrus,person,2.111535,14,7.209554,1.441911,ok,ok
1817,vrus,person,3.879342,15,4.445752,0.992351,ok,ok
1818,vrus,person,7.586762,11,6.134479,1.460585,ok,ok
1819,vehicles,car,20.675859,10,4.326763,1.081691,ok,ok
1824,vrus,person,1.524866,11,0.058064,0.011613,ok,ok
1826,vrus,person,1.361358,15,5.492378,1.098476,ok,ok
1827,vrus,person,2.294638,11,5.916479,1.183296,ok,ok
1828,vehicles,car,11.028621,14,0.107986,0.021597,ok,ok
1829,vrus,person,0.863896,11,0.176284,0.035257,ok,ok
1830,vehicles,car,14.889632,13,6.297603,1.259521,ok,ok
1831,vehicles,truck,19.781951,13,5.089564,1.017913,ok,ok
1832,vehicles,car,11.172416,14,7.59179,1.518358,ok,ok
1833,vehicles,car,10.852018,13,9.496035,1.899207,ok,ok
1834,vrus,person,2.653591,10,3.862447,0.772489,ok,ok
1836,vehicles,car,7.109005,15,7.282815,1.456563,ok,ok
1837,vrus,person,10.911674,12,6.637866,1.327573,ok,ok
1838,vehicles,car,6.849987,12,4.777007,0.963108,ok,ok
1842,vehicles,car,5.843212,15,0.475014,0.095003,ok,ok
1843,vehicles,car,3.977606,15,0.013098,0.00262,ok,ok
1844,vehicles,car,7.483763,15,0.689653,0.137931,ok,ok
1845,vrus,person,2.818926,15,6.328103,1.265621,ok,ok
1847,vrus,person,0.070258,9,7.293033,1.458607,ok,ok
1848,vrus,person,0.852372,15,7.120394,1.424079,ok,ok
1850,vrus,person,0.122197,15,7.106782,1.421356,ok,ok
1851,vrus,person,0.631839,12,6.885302,1.37706,ok,ok
1852,vrus,person,2.738689,15,7.794212,1.558842,ok,ok
1853,vehicles,car,7.38483,14,6.476158,1.295232,ok,ok
1854,vrus,person,0.314446,15,6.660338,1.332068,ok,ok
1855,vrus,person,2.133386,12,4.38096,0.876192,ok,ok
1856,vrus,person,1.327216,15,6.564891,1.312978,ok,ok
1857,vehicles,car,5.925743,8,10.088492,2.017698,ok,ok
1858,vrus,person,0.688985,12,6.829169,1.365834,ok,ok
1860,vrus,person,0.8344,15,7.721323,1.544265,ok,ok
1861,vehicles,car,14.220061,13,6.943797,1.388759,ok,ok
1862,vehicles,car,6.410777,14,7.221734,1.444347,ok,ok
1863,vrus,person,1.524978,14,4.391931,0.878386,ok,ok
1864,vehicles,car,8.585816,15,8.783063,2.195766,ok,ok
1867,vrus,person,0.565803,15,0.310643,0.062129,ok,ok
1868,vehicles,car,4.757051,15,0.25002,0.050004,ok,ok
1869,vrus,person,0.402218,14,0.153172,0.030634,ok,ok
1870,vehicles,car,6.789899,15,9.000791,1.800158,ok,ok
1871,vrus,person,0.083576,15,8.378638,1.675728,ok,ok
1872,vrus,person,4.020813,15,7.731394,1.546279,ok,ok
1873,vrus,person,0.007697,15,8.311773,1.662355,ok,ok
1874,vrus,person,0.635324,14,0.033111,0.006622,ok,ok
1875,vehicles,car,3.865483,15,6.432241,1.286448,ok,ok
1876,vehicles,car,10.321383,15,7.982403,1.596481,ok,ok
1877,vrus,person,0.800341,14,8.013408,1.602682,ok,ok
1879,vrus,person,1.693461,13,7.153393,1.430679,ok,ok
1880,vrus,person,0.935196,15,5.523498,1.1047,ok,ok
1883,vrus,person,0.550422,11,6.309679,1.261936,ok,ok
1884,vehicles,car,13.370689,11,5.801399,1.16028,ok,ok
1885,vrus,bicycle,1.737458,14,7.669269,1.533854,ok,ok
1886,vrus,person,0.406413,10,7.507636,1.501527,ok,ok
1887,vrus,person,0.829446,13,0.809323,0.161865,ok,ok
1889,vrus,person,0.541122,15,7.371805,1.474361,ok,ok
1890,vrus,person,2.401164,6,8.442472,1.688494,ok,ok
1891,vehicles,car,9.966677,15,8.827441,1.765488,ok,ok
1892,vrus,person,0.494045,7,7.761349,1.55227,ok,ok
1894,vehicles,car,13.707351,14,0.006807,0.001361,ok,ok
1895,vrus,person,1.461306,15,0.616642,0.123328,ok,ok
1896,vrus,person,0.705999,7,8.31921,1.663842,ok,ok
1897,vrus,person,0.545858,7,5.995707,1.199141,ok,ok
1898,vrus,person,0.779479,15,0.623503,0.124701,ok,ok
1900,vrus,person,0.702984,9,0.22428,0.044856,ok,ok
1902,vehicles,car,6.267159,7,6.961758,1.392352,ok,ok
1903,vrus,person,0.968566,15,4.489874,0.897975,ok,ok
1904,vehicles,car,10.57933,10,6.955055,1.498926,ok,ok
1906,vehicles,car,15.775392,7,0.181353,0.036271,ok,ok
1907,vrus,person,3.754199,9,0.007999,0.0016,ok,ok
1908,vrus,person,3.471888,8,0.03788,0.007576,ok,ok
1909,vrus,person,2.000601,9,5.019719,1.003944,ok,ok
1910,vrus,person,12.567741,11,0.019611,0.003922,ok,ok
1911,vehicles,car,6.486821,6,7.546475,1.509295,ok,ok
1912,vehicles,car,7.815697,15,7.500798,1.50016,ok,ok
1913,vrus,person,7.432666,15,7.16089,1.432178,ok,ok
1914,vrus,person,9.641631,15,7.131659,1.426332,ok,ok
1915,vrus,person,11.816922,11,6.395773,1.279155,ok,ok
1917,vrus,person,1.587194,11,6.330348,1.26607,ok,ok
1918,vrus,person,2.413174,4,7.875635,1.575127,ok,ok
1919,vrus,person,10.600874,12,7.268311,1.453662,ok,ok
1923,vrus,person,9.309334,13,6.325939,1.265188,ok,ok
1924,vehicles,car,6.12984,13,5.858349,1.17167,ok,ok
1926,vehicles,car,26.916494,6,5.818787,1.232783,ok,ok
1928,vehicles,car,8.874549,12,0.009172,0.001834,ok,ok
1930,vrus,person,6.05462,15,4.921676,0.984335,ok,ok
1933,vrus,person,3.678099,8,6.187946,1.237589,ok,ok
1934,vrus,person,5.08125,5,3.052925,0.610585,ok,ok
1935,vrus,person,1.270136,5,3.741964,0.748393,ok,ok
1936,vrus,person,6.149464,8,8.014657,1.602931,ok,ok
1937,vrus,person,2.146232,6,6.524662,1.304932,ok,ok
1938,vehicles,car,13.816285,6,0.02596,0.005192,ok,ok
1939,vrus,person,1.793185,10,0.232995,0.046599,ok,ok
1940,vrus,person,1.620894,14,0.041715,0.008343,ok,ok
1941,vehicles,car,3.564745,10,5.02416,1.004832,ok,ok
1942,vrus,person,1.925639,10,0.588278,0.117656,ok,ok
1943,vehicles,car,7.000496,13,6.812223,1.362445,ok,ok
1946,vehicles,car,4.864909,15,6.02085,1.32036,ok,ok
1948,vrus,stroller,8.553716,4,1.60123,0.320246,ok,ok
1949,vehicles,truck,11.970403,5,8.616435,1.723287,ok,ok
1950,vehicles,car,8.731693,9,5.744308,1.148862,ok,ok
1952,vehicles,car,19.377911,9,4.613624,0.922725,ok,ok
1953,vrus,person,0.84117,15,7.031142,1.406228,ok,ok
1954,vrus,person,0.7681,15,7.398119,1.479624,ok,ok
1955,vrus,person,1.070951,15,6.837628,1.367526,ok,ok
1956,vrus,person,1.362053,15,7.161022,1.432204,ok,ok
1957,vehicles,car,0.197484,15,6.386951,1.27739,ok,ok
1958,vehicles,car,0.695277,15,6.114388,1.442065,ok,ok
1959,vrus,person,0.521614,8,0.138585,0.027717,ok,ok
1960,vrus,person,1.103606,8,0.391811,0.078362,ok,ok
1961,vrus,person,0.742262,15,0.064886,0.012977,ok,ok
1963,vrus,person,0.481626,7,0.071495,0.014299,ok,ok
1964,vrus,person,1.5601,9,8.255724,1.651145,ok,ok
1965,vrus,person,1.349705,9,3.448663,0.689733,ok,ok
1966,vehicles,car,15.203166,11,0.037631,0.007526,ok,ok
1967,vrus,person,0.598966,6,0.210675,0.042135,ok,ok
1968,vehicles,car,9.026968,12,6.111836,1.222367,ok,ok
1969,vehicles,car,9.67731,8,6.56857,1.313714,ok,ok
1970,vrus,person,1.593883,10,1.915967,0.469598,ok,ok
1975,vrus,person,2.216873,10,6.04557,1.209114,ok,ok
1976,vrus,person,1.076716,11,3.995584,0.799117,ok,ok
1977,vrus,person,3.052841,11,7.613871,1.522774,ok,ok
1978,vrus,person,6.264204,11,4.314204,0.862841,ok,ok
1979,vrus,person,2.129598,10,6.09432,1.218864,ok,ok
1980,vrus,person,0.725045,11,5.783384,1.156677,ok,ok
1981,vrus,person,0.113522,5,0.479702,0.09594,ok,ok
1982,vrus,person,1.360788,11,5.000942,1.0967,ok,ok
1983,vrus,person,5.398794,9,2.996306,0.668822,ok,ok
1984,vehicles,car,3.930481,8,0.429885,0.085977,ok,ok
1985,vrus,person,1.89209,6,5.992911,1.198582,ok,ok
1986,vrus,person,0.447303,11,6.013074,1.202615,ok,ok
1987,vehicles,car,8.186894,7,0.737183,0.147437,ok,ok
1988,vehicles,car,11.062134,12,6.019689,1.203938,ok,ok
1989,vrus,person,1.586975,15,6.606866,1.321373,ok,ok
1992,vehicles,car,17.440461,2,0.032453,0.006491,ok,ok
1993,vrus,person,8.653115,13,8.250501,1.6501,ok,ok
1994,vehicles,car,9.444349,11,7.08856,1.417712,ok,ok
1996,vehicles,car,7.895024,12,7.164077,1.432815,ok,ok
1999,vehicles,car,5.242832,6,0.015263,0.003053,ok,ok
2000,vrus,person,12.44626,6,6.300747,1.260149,ok,ok
2001,vrus,person,6.057515,7,0.032016,0.006403,ok,ok
2002,vrus,person,5.334671,4,0.00827,0.001654,ok,ok
2003,vehicles,car,8.491226,12,7.740324,1.548065,ok,ok
2004,vrus,person,0.816653,4,0.136463,0.027293,ok,ok
2006,vehicles,car,14.86361,10,6.586721,1.317344,ok,ok
2007,vehicles,car,7.303354,4,7.37234,1.474468,ok,ok
2009,vrus,person,1.806356,7,7.183101,1.43662,ok,ok
2010,vrus,person,0.80378,7,5.783432,1.156686,ok,ok
2011,vrus,person,2.156576,9,7.753606,1.550721,ok,ok
2012,vrus,person,1.324131,9,7.837025,1.567405,ok,ok
2013,vrus,person,0.842008,8,0.222802,0.04456,ok,ok
2014,vrus,person,11.352122,9,7.014052,1.40281,ok,ok
2015,vehicles,car,13.384616,10,7.074289,1.414858,ok,ok
2016,vehicles,car,4.863148,8,0.00463,0.000926,ok,ok
2019,vehicles,car,9.489241,14,6.036182,1.207236,ok,ok
2020,vrus,person,0.798791,11,7.374008,1.474802,ok,ok
2021,vehicles,car,5.079849,14,0.080155,0.016031,ok,ok
2022,vehicles,car,13.810188,8,0.012006,0.002401,ok,ok
2023,vrus,person,11.393116,7,0.222623,0.044525,ok,ok
2024,vehicles,car,13.143521,12,7.848373,1.569675,ok,ok
2025,vrus,person,5.559865,13,6.524133,1.304827,ok,ok
2026,vrus,person,0.543646,6,2.715861,0.543172,ok,ok
2027,vrus,person,22.305113,14,0.961359,0.192272,ok,ok
2029,vehicles,car,4.793527,10,0.0141,0.00282,ok,ok
2030,vehicles,car,6.147728,13,0.008686,0.001737,ok,ok
2031,vehicles,car,3.032888,14,9.957027,1.991405,ok,ok
2032,vrus,person,1.428855,12,9.782398,1.95648,ok,ok
2033,vrus,person,3.424426,13,6.953542,1.390708,ok,ok
2034,vehicles,car,8.468206,14,6.480301,1.29606,ok,ok
2035,vrus,person,7.031472,11,8.159561,1.631912,ok,ok
2037,vrus,person,0.440694,12,5.692777,1.138555,ok,ok
2038,vehicles,car,8.265525,10,8.603898,1.72078,ok,ok
2039,vrus,person,0.122654,13,7.560815,1.783201,ok,ok
2040,vrus,person,0.482697,13,7.42609,1.802457,ok,ok
2044,vrus,person,0.745642,15,7.020481,1.404096,ok,ok
2045,vrus,person,5.205095,15,6.259936,1.251987,ok,ok
2047,vrus,person,2.022599,15,7.586559,1.517312,ok,ok
2049,vrus,person,0.452507,8,5.477017,1.095403,ok,ok
2050,vrus,person,7.021508,15,6.03279,1.206558,ok,ok
2051,vrus,person,6.57514,12,6.677123,1.335425,ok,ok
2052,vrus,person,0.780097,15,6.549237,1.309847,ok,ok
2053,vrus,person,6.781445,15,8.570069,1.714014,ok,ok
2054,vrus,person,0.441534,7,5.019918,1.003984,ok,ok
2056,vehicles,car,5.542835,15,3.927658,0.785532,ok,ok
2058,vehicles,car,11.291019,10,0.141604,0.028321,ok,ok
2060,vrus,person,2.417904,11,7.574222,1.514844,ok,ok
2061,vrus,person,1.223895,10,7.785054,1.557011,ok,ok
2062,vrus,person,2.428738,10,3.230564,0.646113,ok,ok
2065,vehicles,car,8.69206,10,0.01397,0.002794,ok,ok
2066,vrus,person,3.265271,14,0.063369,0.012674,ok,ok
2067,vrus,person,2.032186,6,3.860556,0.772111,ok,ok
2068,vrus,person,2.172648,7,0.289903,0.057981,ok,ok
2069,vrus,person,5.585168,6,8.834232,1.766846,ok,ok
2070,vehicles,car,13.494935,14,6.811381,1.362276,ok,ok
2071,vehicles,car,20.338116,13,5.52489,1.328097,ok,ok
2075,vrus,person,6.298613,9,0.09076,0.018152,ok,ok
2076,vrus,person,0.089007,15,5.958789,1.191758,ok,ok
2077,vrus,person,0.336607,15,0.874111,0.174822,ok,ok
2078,vehicles,car,14.184099,11,7.568986,1.513797,ok,ok
2079,vrus,person,2.91142,10,7.121898,1.42438,ok,ok
2080,vehicles,car,11.532531,8,7.453029,1.490606,ok,ok
2081,vehicles,car,6.913764,13,0.01278,0.002556,ok,ok
2082,vehicles,car,10.373741,10,7.033314,1.406663,ok,ok
2083,vrus,person,0.612941,11,6.72385,1.34477,ok,ok
2085,vehicles,car,5.934582,10,4.778291,0.955658,ok,ok
2086,vrus,person,0.534188,13,8.218436,1.643687,ok,ok
2088,vehicles,car,4.972111,15,1.354185,0.270837,ok,ok
2089,vrus,person,0.35105,13,7.123705,1.424741,ok,ok
2090,vrus,bicycle,3.080557,13,0.430351,0.08607,ok,ok
2092,vrus,person,13.699434,14,4.239897,0.847979,ok,ok
2093,vrus,person,1.846985,15,7.344022,1.468804,ok,ok
2094,vehicles,car,17.941498,9,8.37993,1.675986,ok,ok
2095,vrus,person,0.421207,10,7.809789,1.561958,ok,ok
2096,vrus,person,0.417466,10,7.79858,1.559716,ok,ok
2097,vrus,person,9.941351,14,0.669081,0.133816,ok,ok
2098,vehicles,car,5.822818,14,5.828512,1.165702,ok,ok
2099,vrus,person,4.595902,15,5.472122,1.221451,ok,ok
2101,vehicles,car,8.120441,13,0.057717,0.011543,ok,ok
2102,vehicles,car,5.057692,12,6.517089,1.303418,ok,ok
2103,vehicles,car,17.423418,13,4.791089,0.958218,ok,ok
2104,vrus,person,10.873428,7,0.034428,0.006886,ok,ok
2105,vrus,person,4.078297,14,5.80002,1.160004,ok,ok
2106,vehicles,car,3.692737,15,8.172151,1.63443,ok,ok
2107,vrus,person,0.827282,8,5.215697,1.043139,ok,ok
2108,vrus,person,6.819055,15,6.067081,1.213416,ok,ok
2109,vrus,person,3.329786,15,6.890191,1.378038,ok,ok
2110,vrus,person,2.477876,14,5.311095,1.062219,ok,ok
2111,vrus,person,1.040202,6,6.784569,1.356914,ok,ok
2112,vrus,person,0.919698,7,6.480227,1.296045,ok,ok
2114,vrus,person,1.01419,13,5.041933,1.041723,ok,ok
2115,vehicles,car,12.496111,6,4.499684,0.899937,ok,ok
2117,vehicles,car,20.704929,2,16.795688,3.441758,ok,ok
2118,vrus,bicycle,2.922777,10,7.695385,1.539077,ok,ok
2119,vrus,bicycle,8.281684,7,8.621301,1.72426,ok,ok
2120,vehicles,car,11.604092,11,8.622761,1.724552,ok,ok
2123,vehicles,car,4.165774,13,0.949147,0.189829,ok,ok
2124,vehicles,car,18.068166,5,4.796009,1.187137,ok,ok
2126,vehicles,car,12.150785,14,0.039853,0.007971,ok,ok
2127,vrus,person,2.449489,14,0.036449,0.00729,ok,ok
2128,vrus,person,2.511529,15,0.158564,0.031713,ok,ok
2129,vehicles,car,10.753926,10,7.575153,1.515031,ok,ok
2130,vrus,person,1.326108,9,7.987876,1.597575,ok,ok
2131,vehicles,car,4.337307,15,7.261971,1.452394,ok,ok
2132,vrus,person,3.810194,12,8.981124,1.796225,ok,ok
2133,vehicles,car,4.995476,14,0.120302,0.02406,ok,ok
2134,vehicles,car,15.048589,15,0.059057,0.011811,ok,ok
2135,vrus,person,1.153682,15,0.019596,0.003919,ok,ok
2136,vrus,person,0.337211,11,9.083734,1.816747,ok,ok
2137,vrus,person,0.389639,10,7.994574,1.598915,ok,ok
2138,vrus,person,6.51947,15,9.746266,1.949253,ok,ok
2139,vrus,person,1.303044,15,0.001961,0.000392,ok,ok
2140,vrus,person,3.244662,15,0.040307,0.008061,ok,ok
2141,vrus,person,1.112538,15,0.102044,0.020409,ok,ok
2142,vrus,person,1.594356,15,0.064685,0.012937,ok,ok
2143,vehicles,car,6.378536,15,7.200434,1.440087,ok,ok
2144,vehicles,car,8.654337,15,8.796572,1.759314,ok,ok
2145,vrus,person,3.875742,15,0.089472,0.017894,ok,ok
2146,vrus,person,1.858444,15,7.606725,1.521345,ok,ok
2147,vrus,person,2.974829,15,8.058387,1.611677,ok,ok
2148,vrus,person,3.773962,15,6.459151,1.29183,ok,ok
2149,vehicles,car,1.014091,15,8.044818,1.608964,ok,ok
2150,vrus,person,0.59033,15,6.959483,1.391897,ok,ok
2152,vrus,person,1.826908,15,7.779323,1.555865,ok,ok
2153,vehicles,car,13.141348,13,0.264678,0.052936,ok,ok
2155,vrus,person,1.280726,15,0.01793,0.003586,ok,ok
2156,vrus,person,1.634943,15,0.063213,0.012643,ok,ok
2157,vrus,person,0.471296,15,0.168755,0.033751,ok,ok
2158,vrus,person,0.411982,15,0.091709,0.018342,ok,ok
2159,vehicles,car,6.48153,15,0.058662,0.011732,ok,ok
2160,vrus,person,1.6954,15,0.034008,0.006802,ok,ok
2161,vrus,person,1.845756,13,8.107148,1.62143,ok,ok
2162,vrus,person,1.131049,15,7.030173,1.406035,ok,ok
2163,vehicles,car,8.759801,12,8.474603,1.694921,ok,ok
2164,vrus,person,1.286697,15,0.04847,0.009694,ok,ok
2165,vehicles,car,6.407694,11,7.831262,1.566252,ok,ok
2167,vrus,person,0.241048,9,7.505086,1.501017,ok,ok
2168,vehicles,car,7.257387,14,7.555832,1.511166,ok,ok
2169,vrus,person,1.276724,8,6.26562,1.253124,ok,ok
2170,vrus,person,0.173821,8,7.103067,1.420613,ok,ok
2173,vrus,bicycle,9.068489,4,7.055789,1.411158,ok,ok
2176,vehicles,car,15.217818,8,0.022836,0.004567,ok,ok
2178,vrus,person,6.591545,11,6.843577,1.368715,ok,ok
2180,vrus,person,13.338663,11,0.10637,0.021274,ok,ok
2181,vrus,person,7.278756,10,0.061865,0.012373,ok,ok
2182,vrus,person,0.454324,10,7.545736,1.509147,ok,ok
2183,vrus,person,0.391068,10,7.739789,1.547958,ok,ok
2184,vrus,person,0.392116,13,5.826562,1.165312,ok,ok
2185,vrus,person,0.135974,5,5.159683,1.031937,ok,ok
2188,vrus,scooter,6.715054,6,7.519526,1.503905,ok,ok
2190,vehicles,car,0.285401,9,0.62947,0.125894,ok,ok
2191,vehicles,car,1.175213,12,6.664824,1.542795,ok,ok
2192,vrus,person,0.453184,15,0.028584,0.005717,ok,ok
2193,vrus,person,0.462865,15,0.032747,0.006549,ok,ok
2194,vehicles,car,13.42664,15,0.019234,0.003847,ok,ok
2195,vrus,person,0.662412,15,0.054957,0.010991,ok,ok
2196,vrus,person,0.636759,15,7.973095,1.594619,ok,ok
2197,vehicles,car,6.70799,15,6.870836,1.374167,ok,ok
2198,vrus,person,0.552335,15,7.703436,1.540687,ok,ok
2199,vehicles,car,0.858708,10,6.268192,1.253638,ok,ok
2200,vrus,person,0.727643,15,7.244939,1.448988,ok,ok
2201,vehicles,car,1.519775,15,7.685185,1.537037,ok,ok
2202,vrus,person,8.207227,7,7.097059,1.419412,ok,ok
2203,vehicles,car,15.00398,13,6.222975,1.244595,ok,ok
2204,vehicles,car,0.680802,11,6.64098,1.328196,ok,ok
2205,vrus,person,0.861073,7,8.013265,1.602653,ok,ok
2206,vehicles,car,0.833428,15,6.771355,1.354271,ok,ok
2207,vehicles,car,0.944931,15,7.712156,1.542431,ok,ok
2208,vrus,person,0.399863,7,4.447049,0.88941,ok,ok
2209,vrus,person,1.034477,7,4.865007,1.095724,ok,ok
2210,vrus,person,25.052679,11,0.001071,0.000214,ok,ok
2211,vrus,person,0.508861,13,8.265238,1.653048,ok,ok
2212,vrus,person,0.571346,12,8.310519,1.662104,ok,ok
2213,vrus,person,0.650249,12,7.909144,1.581829,ok,ok
2214,vrus,person,0.896263,11,7.538904,1.507781,ok,ok
2215,vrus,person,1.561054,12,7.864038,1.820374,ok,ok
2216,vrus,person,2.865001,8,0.402502,0.0805,ok,ok
2217,vrus,person,2.871685,8,0.03702,0.007404,ok,ok
2218,vrus,person,6.921702,5,9.512668,1.902534,ok,ok
2219,vrus,person,15.099859,8,5.634871,1.126974,ok,ok
2221,vrus,person,0.523588,3,5.313543,1.062709,ok,ok
2222,vehicles,car,8.079687,3,5.928124,1.185625,ok,ok
2223,vehicles,car,18.136103,4,7.964274,1.592855,ok,ok
2224,vehicles,car,17.120634,7,8.288216,1.657643,ok,ok
2225,vrus,person,0.709031,4,4.573693,0.914739,ok,ok
2226,vrus,person,17.587889,5,5.844642,1.168928,ok,ok
2227,vrus,person,33.183348,1,6.71399,1.342798,ok,ok
2228,vrus,person,12.647069,4,8.416036,1.683207,ok,ok
2230,vrus,person,0.517795,7,4.477754,0.895551,ok,ok
2231,vrus,motorcycle,13.725858,7,5.628608,1.125722,ok,ok
2236,vehicles,car,2.56675,12,4.473344,0.894669,ok,ok
2237,vehicles,car,0.431265,11,0.180094,0.036019,ok,ok
2238,vehicles,car,1.339275,15,0.103087,0.020617,ok,ok
2239,vrus,person,11.080115,12,7.104725,1.420945,ok,ok
2240,vehicles,car,0.387205,11,0.010291,0.002058,ok,ok
2241,vehicles,car,0.513175,10,7.444826,1.488965,ok,ok
2242,vehicles,car,7.269308,8,0.037142,0.007428,ok,ok
2243,vrus,person,0.95637,11,0.194839,0.038968,ok,ok
2244,vehicles,car,5.334501,10,8.359356,1.671871,ok,ok
2245,vrus,person,2.141244,13,6.097303,1.219461,ok,ok
2247,vrus,person,1.23813,14,7.982565,1.596513,ok,ok
2248,vrus,person,0.473207,14,0.70533,0.141066,ok,ok
2249,vehicles,car,1.416685,15,5.606106,1.121221,ok,ok
2250,vrus,person,0.768891,13,6.912549,1.38251,ok,ok
2251,vehicles,car,0.062911,10,0.423585,0.091289,ok,ok
2254,vehicles,car,7.235903,10,0.003337,0.000667,ok,ok
2255,vehicles,car,3.680066,11,0.082582,0.016516,ok,ok
2256,vrus,person,4.272074,9,8.369069,1.673814,ok,ok
2258,vehicles,car,15.62222,4,3.788733,0.757747,ok,ok
2259,vehicles,car,5.886113,6,7.59029,1.518058,ok,ok
2260,vrus,person,11.155382,5,8.861056,1.772211,ok,ok
2262,vrus,person,0.606754,10,0.059689,0.011938,ok,ok
2263,vehicles,car,14.766602,5,0.115816,0.023163,ok,ok
2264,vehicles,car,9.573111,6,7.680681,1.536136,ok,ok
2265,vrus,person,1.853533,8,8.20786,1.641572,ok,ok
2266,vrus,person,0.757178,6,6.485226,1.297045,ok,ok
2267,vehicles,car,6.840791,9,5.743088,1.148618,ok,ok
2268,vrus,person,6.298267,6,4.730559,0.946112,ok,ok
2269,vehicles,car,8.289159,5,7.166088,1.433218,ok,ok
2270,vrus,person,9.599894,9,7.188067,1.437613,ok,ok
2271,vrus,person,2.461492,5,1.371497,0.317475,ok,ok
2273,vehicles,car,8.658954,9,9.572465,1.914493,ok,ok
2274,vehicles,car,11.515365,7,7.307175,1.461435,ok,ok
2276,vrus,person,3.172234,11,2.460599,0.49212,ok,ok
2277,vehicles,car,18.508771,11,8.555357,1.711071,ok,ok
2278,vrus,person,0.770018,12,7.802388,1.560478,ok,ok
2279,vrus,person,1.424907,15,0.013081,0.002616,ok,ok
2280,vrus,person,1.714211,6,0.130935,0.026187,ok,ok
2283,vrus,person,1.992102,9,0.100234,0.020047,ok,ok
2284,vehicles,truck,11.376307,5,0.013278,0.002656,ok,ok
2285,vrus,person,0.660912,15,1.511244,0.302249,ok,ok
2286,vrus,person,1.876805,15,8.106437,1.621287,ok,ok
2287,vehicles,car,9.446163,7,7.809359,1.561872,ok,ok
2288,vrus,person,1.929209,9,0.665856,0.133171,ok,ok
2289,vrus,person,13.179924,8,0.039417,0.007883,ok,ok
2290,vrus,stroller,8.720465,6,0.353311,0.070662,ok,ok
2291,vehicles,car,20.298576,3,0.697216,0.139443,ok,ok
2292,vehicles,truck,4.729497,11,6.72547,1.345094,ok,ok
2293,vrus,person,0.724301,9,6.188008,1.237602,ok,ok
2294,vehicles,car,11.146199,6,6.129419,1.225884,ok,ok
2295,vrus,person,0.903378,12,5.410096,1.082019,ok,ok
2297,vrus,person,0.506452,13,7.996865,1.599373,ok,ok
2298,vrus,person,0.843028,7,7.428109,1.485622,ok,ok
2299,vrus,person,0.238274,9,0.297402,0.05948,ok,ok
2300,vrus,person,2.393403,10,0.070642,0.014128,ok,ok
2301,vrus,person,0.369935,8,0.083735,0.016747,ok,ok
2302,vrus,person,0.283177,9,0.014322,0.002864,ok,ok
2303,vrus,person,11.923718,7,2.863636,0.572727,ok,ok
2304,vrus,person,14.108378,9,7.660793,1.532159,ok,ok
2305,vehicles,car,7.53196,7,0.009259,0.001852,ok,ok
2306,vrus,person,2.160592,8,8.639046,1.727809,ok,ok
2307,vrus,person,2.78071,10,7.53615,1.50723,ok,ok
2308,vehicles,truck,12.368496,11,5.89298,1.281083,ok,ok
2309,vrus,person,13.016547,8,5.409562,1.25221,ok,ok
2310,vrus,person,1.433888,10,7.844759,1.568952,ok,ok
2311,vrus,person,13.281584,6,8.383143,1.676629,ok,ok
2312,vrus,person,1.501114,5,7.623155,1.524631,ok,ok
2313,vehicles,car,3.769797,11,0.029809,0.005962,ok,ok
2314,vrus,person,14.539996,11,7.171193,1.434239,ok,ok
2315,vehicles,car,14.577863,13,5.951876,1.305239,ok,ok
2317,vrus,person,1.666899,6,0.026399,0.00528,ok,ok
2318,vrus,person,1.658663,6,0.009201,0.00184,ok,ok
2319,vehicles,car,5.934901,9,7.434303,1.486861,ok,ok
2320,vrus,person,1.66793,13,6.634367,1.326873,ok,ok
2321,vehicles,car,11.522571,15,5.089194,1.017839,ok,ok
2322,vrus,person,0.637956,15,5.88736,1.177472,ok,ok
2323,vrus,person,1.73604,15,1.168236,0.233647,ok,ok
2324,vrus,person,1.737146,15,1.039743,0.207949,ok,ok
2325,vrus,bicycle,3.043459,11,21.421451,4.28429,ok,ok
2326,vehicles,car,8.781982,15,3.915366,0.783073,ok,ok
2327,vrus,person,4.901319,14,7.927839,1.585568,ok,ok
2329,vehicles,car,7.347397,15,0.445253,0.089051,ok,ok
2330,vrus,person,0.459902,15,5.330068,1.066014,ok,ok
2331,vrus,person,1.984104,15,0.125418,0.025084,ok,ok
2332,vrus,person,0.920226,15,4.612089,0.922418,ok,ok
2333,vehicles,car,6.690775,15,7.157827,1.431565,ok,ok
2334,vehicles,car,7.981714,12,7.582829,1.516566,ok,ok
2335,vehicles,car,1.308282,15,6.848352,1.36967,ok,ok
2336,vrus,person,1.623541,11,6.52837,1.305674,ok,ok
2337,vehicles,car,1.470375,10,0.060264,0.012053,ok,ok
2338,vehicles,car,9.424215,15,7.052961,1.410592,ok,ok
2339,vehicles,car,0.514384,8,4.619366,0.923873,ok,ok
2341,vehicles,car,0.919216,10,1.712456,0.342491,ok,ok
2342,vehicles,car,3.081616,13,1.619712,0.334652,ok,ok
2343,vrus,person,1.601494,11,6.226826,1.353644,ok,ok
2344,vrus,person,0.427736,15,5.010341,1.24019,ok,ok
2347,vehicles,car,11.633079,12,7.210735,1.442147,ok,ok
2348,vehicles,car,6.78445,8,0.015686,0.003137,ok,ok
2350,vehicles,car,5.160532,15,8.6511,1.73022,ok,ok
2352,vehicles,car,10.617855,5,7.262954,1.452591,ok,ok
2353,vehicles,car,10.351856,7,0.928619,0.185724,ok,ok
2354,vrus,person,5.808023,11,7.870127,1.574025,ok,ok
2355,vrus,person,6.027999,9,6.985681,1.397136,ok,ok
2357,vehicles,car,3.437275,8,3.563164,0.724223,ok,ok
2358,vrus,person,1.437533,10,4.474273,0.924438,ok,ok
2359,vrus,person,1.939648,9,5.723308,1.375798,ok,ok
2360,vrus,person,0.154039,12,0.013333,0.002667,ok,ok
2361,vrus,person,4.438381,10,6.70616,1.341232,ok,ok
2362,vrus,person,5.575791,15,0.021678,0.004336,ok,ok
2363,vehicles,car,6.58032,15,6.870747,1.374149,ok,ok
2364,vrus,person,11.498122,12,0.410505,0.082101,ok,ok
2365,vrus,person,2.204766,14,0.218339,0.043668,ok,ok
2366,vehicles,car,10.595386,15,5.070655,1.014131,ok,ok
2367,vrus,person,5.851054,12,8.070109,1.614022,ok,ok
2368,vehicles,car,11.627096,15,7.810716,1.562143,ok,ok
2369,vrus,person,1.876783,15,0.424181,0.084836,ok,ok
2370,vehicles,car,10.28663,15,8.459596,1.691919,ok,ok
2371,vrus,person,13.666149,15,4.712445,0.942489,ok,ok
2372,vrus,person,2.264715,15,6.7153,1.34306,ok,ok
2373,vrus,person,1.509161,15,0.262473,0.052495,ok,ok
2374,vehicles,car,13.595198,15,9.251452,1.85029,ok,ok
2375,vrus,person,0.782181,15,1.491283,0.298257,ok,ok
2376,vehicles,car,5.795317,14,0.108554,0.021711,ok,ok
2379,vehicles,car,8.974243,15,6.824624,1.364925,ok,ok
2380,vrus,person,0.764063,14,0.018456,0.003691,ok,ok
2381,vrus,person,10.979882,12,4.912074,0.982415,ok,ok
2382,vehicles,car,3.98645,15,3.881934,0.858838,ok,ok
2383,vrus,person,2.494537,15,6.636884,1.56531,ok,ok
2384,vehicles,car,6.865656,13,0.054326,0.010865,ok,ok
2385,vehicles,car,7.370893,12,5.43471,1.086942,ok,ok
2386,vrus,person,0.637572,12,0.009938,0.001988,ok,ok
2387,vrus,person,0.657889,9,0.019312,0.003862,ok,ok
2388,vehicles,car,10.141909,11,0.033859,0.006772,ok,ok
2389,vehicles,car,6.027771,9,7.983767,1.596753,ok,ok
2390,vrus,person,3.294652,11,6.659093,1.331819,ok,ok
2391,vrus,person,8.387862,9,5.511791,1.102358,ok,ok
2392,vrus,person,3.771225,8,8.358102,1.67162,ok,ok
2393,vrus,person,4.432954,12,6.224434,1.244887,ok,ok
2394,vrus,person,0.425764,12,5.771445,1.154289,ok,ok
2395,vrus,person,6.515304,13,7.802287,1.560457,ok,ok
2396,vehicles,car,3.878806,13,5.035407,1.007081,ok,ok
2397,vrus,person,1.070299,13,6.55009,1.310018,ok,ok
2400,vrus,person,0.969968,8,0.15771,0.031542,ok,ok
2401,vehicles,car,5.817156,13,0.416332,0.083266,ok,ok
2403,vrus,bicycle,2.003893,10,0.181248,0.03625,ok,ok
2404,vrus,person,1.021396,10,0.037365,0.007473,ok,ok
2405,vrus,person,3.223266,13,7.678384,1.535677,ok,ok
2406,vrus,person,3.645099,13,0.645481,0.129096,ok,ok
2407,vrus,person,0.65345,10,6.2433,1.24866,ok,ok
2408,vrus,bicycle,0.273375,12,8.416498,1.6833,ok,ok
2409,vrus,person,0.56483,11,5.943178,1.188636,ok,ok
2410,vrus,person,2.291423,11,7.418434,1.483687,ok,ok
2411,vehicles,car,12.931055,12,8.96655,1.79331,ok,ok
2412,vehicles,car,9.900716,8,6.564407,1.312881,ok,ok
2413,vrus,person,1.361995,13,4.903427,0.980685,ok,ok
2417,vrus,person,1.894493,15,0.138671,0.027734,ok,ok
2418,vrus,person,0.802737,13,0.083205,0.016641,ok,ok
2419,vrus,person,1.900531,15,0.027579,0.005516,ok,ok
2420,vrus,person,2.078974,15,0.020382,0.004076,ok,ok
2421,vrus,person,18.911833,15,0.027556,0.005511,ok,ok
2422,vrus,person,11.418187,15,0.004387,0.000877,ok,ok
2423,vrus,person,5.535549,13,0.006778,0.001356,ok,ok
2424,vrus,bicycle,7.857105,13,1.40892,0.281784,ok,ok
2425,vrus,person,5.717862,12,5.859283,1.171857,ok,ok
2426,vehicles,car,15.458079,13,0.030135,0.006027,ok,ok
2428,vrus,person,10.255009,10,6.635992,1.327198,ok,ok
2429,vehicles,car,2.867429,15,4.706675,0.941335,ok,ok
2430,vrus,person,2.297753,10,0.058584,0.011717,ok,ok
2431,vrus,person,0.907414,10,0.128987,0.025797,ok,ok
2432,vehicles,car,6.026909,15,6.362465,1.272493,ok,ok
2433,vrus,person,0.855656,12,0.215123,0.043025,ok,ok
2434,vrus,person,0.403662,15,4.910734,0.982147,ok,ok
2435,vrus,person,0.22484,15,6.546679,1.309336,ok,ok
2436,vrus,person,0.845738,14,6.627524,1.325505,ok,ok
2437,vehicles,car,0.375995,13,6.114308,1.222862,ok,ok
2438,vehicles,car,0.811404,14,6.350989,1.270198,ok,ok
2439,vehicles,car,14.230226,15,0.233224,0.046645,ok,ok
2440,vrus,person,0.154099,15,6.743323,1.348665,ok,ok
2441,vehicles,car,0.263526,15,0.013946,0.002789,ok,ok
2443,vrus,person,9.272905,15,6.523977,1.304795,ok,ok
2444,vrus,person,3.180227,12,6.288088,1.257618,ok,ok
2445,vrus,person,0.922647,13,0.206082,0.041216,ok,ok
2446,vrus,person,2.583722,10,2.726661,0.637065,ok,ok
2447,vehicles,car,9.293527,15,4.545682,1.072096,ok,ok
2448,vehicles,car,12.991207,11,5.246217,1.324805,ok,ok
